Klient,Client_ID,Opiekun,Segment,Grupa_MVP,Status,Aktywny,Telefon,Telefon_dodatkowy,Email,Email_dodatkowe,Preferowana_forma_kontaktu,Zamówienia_gdzie,Dni_zamówień,Rytm_kontaktu,Miasto,Kraj,Notatki,Grupa_raw
Abruzzo,C001,Gosia,Premium,Gosia Premium,Aktywny,1,,,ruszkowskaaleksandra.1@gmail.com,malgorzata.rojek@addallhoreca.pl,Sms,Skalo,Wtorek,1x/tydzień,Warszawa,Poland,"Adres: ul. Burakowska 5/7; 01-066; Warszawa; Poland | Info: Pełna nazwa: ABR1 SPÓŁKA Z OGRANICZONĄ ODPOWIEDZIALNOŚCIĄ
NIP: 5273113438
Grupa: 1. GOSIA (Top 10)
Sugerowany opiekun: Gosia
Warunki płatności: Przelew skonto za płatność w terminie
Termin płatności (dni): 14
Rabat (%): 20
Limit kredytowy: 0
Opis/Notatki z Bigin:
Kontakt: brak ubezp. | Notatka: Rabat  20%
limit był do 24.09.2025
SKONTO | Dodany: 17 lip 2024",1. GOSIA (Top 10)
Amar Beirut,C002,Gosia,Premium,Gosia Premium,Aktywny,1,725168274,608447409,accounting@amarbeirut.pl,"fadi@amarbeirut.pl, malgorzata.rojek@addallhoreca.pl",Sms,WhatsApp,"Czwartek, Poniedziałek",2x/tydzień,Warszawa,Poland,"Adres: ul. Żelazna 51/53; 00-841; Warszawa; Poland | Info: Pełna nazwa: ME CONCEPTS SPÓŁKA Z OGRANICZONĄ ODPOWIEDZIALNOŚCIĄ
NIP: 5213958445
Grupa: 1. GOSIA (Top 10)
Sugerowany opiekun: Gosia
Warunki płatności: Przelew skonto za płatność w terminie
Termin płatności (dni): 15
Rabat (%): 30
Limit kredytowy: 0
Opis/Notatki z Bigin:
Kontakt: BRAK.UBEZENERALNY MENAGER | Notatka: Rabat 30%
BRAAK LIMITU  od 31.10.2025 do 27.11.2025

 Limit EULER 50 000
SKONTO

Fadi - Gneralny menager
Lina - Osoba odpowiedzialna za zamówienia | Dodany: 18 kwi 2023",1. GOSIA (Top 10)
Belvedere,C003,Gosia,Premium,Gosia Premium,Aktywny,1,225586700,,magazyn.restauracja@belvedere.com.pl,malgorzata.rojek@addallhoreca.pl,Telefon,Email,Wtorek,1x/tydzień,Warszawa,Poland,"Adres: ul. Agrykola 1; 00-460; Warszawa; Poland | Info: Pełna nazwa: BELVEDERE - CAFE ŁAZIENKI KRÓLEWSKIE SPÓŁKA Z OGRANICZONĄ ODPOWIEDZIALNOŚCIĄ
NIP: 5260209751
Grupa: 1. GOSIA (Top 10)
Sugerowany opiekun: Gosia
Warunki płatności: przelew
Termin płatności (dni): 14
Rabat (%): 25
Limit kredytowy: 0
Opis/Notatki z Bigin:
Notatka: Rabat  15%

Limit EULER 20 000 | Dodany: 05 sie 2020",1. GOSIA (Top 10)
DOM PRACOWNIKA SŁUŻBY ZDROWIA,C004,Gosia,Premium,Gosia Premium,Aktywny,1,516036212,,administracja@elekcyjna.pl,,Telefon,Email,Środa,co 3 miesiące,Warszawa,Poland,"Adres: ul. Elekcyjna 37; 01-119; Warszawa; Poland | Info: Pełna nazwa: DOM PRACOWNIKA SŁUŻBY ZDROWIA
NIP: 5271046034
Grupa: 1. GOSIA (Top 10)
Sugerowany opiekun: Gosia
Warunki płatności: przelew
Termin płatności (dni): 7
Rabat (%): 15
Limit kredytowy: 0
Opis/Notatki z Bigin:
Kontakt: Waldemar Gręda | Dodany: 29 gru 2020",1. GOSIA (Top 10)
Grzybki-Magazyn,C005,Gosia,Premium,Gosia Premium,Aktywny,1,,,ksiegowosc@piekarniagrzybki.pl,,Telefon,Email,Środa,1x/miesiąc,Warszawa,Poland,"Adres: Malownicza 33; 02-272; Warszawa; Poland | Info: Pełna nazwa: PIEKARNIA K.I A. CICHOWSCY , E. FEDEROWICZ SPÓŁKA JAWNA
NIP: 1130026398
Grupa: 1. GOSIA (Top 10)
Sugerowany opiekun: Gosia
Warunki płatności: przelew
Termin płatności (dni): 14
Rabat (%): 15
Limit kredytowy: 0
Opis/Notatki z Bigin:
Notatka: Limit EULER 50 000 | Dodany: 25 lis 2024",1. GOSIA (Top 10)
Grzybki-Malownicza Produkcja,C006,Gosia,Premium,Gosia Premium,Aktywny,1,,,ksiegowosc@piekarniagrzybki.pl,,Telefon,"Email, SMS",Środa,1x/miesiąc,Warszawa,Poland,"Adres: Malownicza 33; 02-272; Warszawa; Poland | Info: Pełna nazwa: PIEKARNIA K.I A. CICHOWSCY , E. FEDEROWICZ SPÓŁKA JAWNA
NIP: 1130026398
Grupa: 1. GOSIA (Top 10)
Sugerowany opiekun: Gosia
Warunki płatności: przelew
Termin płatności (dni): 14
Rabat (%): 15
Limit kredytowy: 0
Opis/Notatki z Bigin:
Notatka: Limit EULER 50 000 | Dodany: 18 gru 2024",1. GOSIA (Top 10)
Lupo,C007,Gosia,Premium,Gosia Premium,Aktywny,1,690186417,603123343,valeria.stanislavishyna@feste.group,"faktury@feste.group, malgorzata.rojek@addallhoreca.pl",Sms,Skalo,"Czwartek, Niedziela",2x/tydzień,Warszawa,Poland,"Adres: ul. Chmielna 132/134; 00-805; Warszawa; Poland | Info: Pełna nazwa: PRIMA FESTA SPÓŁKA Z OGRANICZONĄ ODPOWIEDZIALNOŚCIĄ
NIP: 5272960946
Grupa: 1. GOSIA (Top 10)
Sugerowany opiekun: Gosia
Warunki płatności: Przelew skonto za płatność w terminie
Termin płatności (dni): 10
Rabat (%): 21
Limit kredytowy: 0
Opis/Notatki z Bigin:
Kontakt: Valeria Stanislavishyna | Notatka: Rabat 21%
Limit EULER 50 000
SKONTO | Dodany: 28 mar 2022",1. GOSIA (Top 10)
Sakana Sushi - Burakowska P,C008,Gosia,Premium,Gosia Premium,Aktywny,1,500231901,,ruszkowskaaleksandra1@gmail.com,malgorzata.rojek@addallhoreca.pl,Sms,Skalo,Poniedziałek,1x/tydzień,Warszawa,Poland,"Adres: ul. Burakowska 5/7; 01-066; Warszawa; Poland | Info: Pełna nazwa: Sakana Restaurant sp. z o.o.
NIP: 5252596673
Grupa: 1. GOSIA (Top 10)
Sugerowany opiekun: Gosia
Warunki płatności: Przelew skonto za płatność w terminie
Termin płatności (dni): 21
Rabat (%): 20
Limit kredytowy: 15000
Dodatkowe info (telefon): ruszkowskaaleksandra.1@gmail.com
Opis/Notatki z Bigin:
Kontakt: brak ubezp.Katarzyna Skórczyńska - Generalny menager | Notatka: Rabat  20%
SKONTO | Dodany: 14 lis 2018",1. GOSIA (Top 10)
Sakana Sushi Molieria,C009,Gosia,Premium,Gosia Premium,Aktywny,1,784087808,696211292,aleksandras2911@gmail.com,malgorzata.rojek@addallhoreca.pl,Sms,Skalo,Poniedziałek,1x/tydzień,Warszawa,Poland,"Adres: Moliera 4/6; 00-076; Warszawa; Poland | Info: Pełna nazwa: TOKYO-BARCELONA Sp. z o.o. Spółka komandytowa
NIP: 5252728749
Grupa: 1. GOSIA (Top 10)
Sugerowany opiekun: Gosia
Warunki płatności: Przelew skonto za płatność w terminie
Termin płatności (dni): 21
Rabat (%): 20
Limit kredytowy: 10000
Dodatkowe info (telefon): OlaOsoba odpowiedzialna za zamów.
Opis/Notatki z Bigin:
Kontakt: Dominik SolnicaSzef kuchni | Notatka: Rabat  20%
Limit EULER 25 000
SKONTO | Dodany: 08 maj 2018",1. GOSIA (Top 10)
Sakana Wilanów,C010,Gosia,Premium,Gosia Premium,Aktywny,1,510610661,606658333,sakanawilanow@gmail.com,,Sms,Email,"Czwartek, Poniedziałek",2x/tydzień,Warszawa,Poland,"Adres: ul. Przyczółkowa 221 lok. B.1.2; 02-962; Warszawa; Poland | Info: Pełna nazwa: TKM INVESTMENT SPÓŁKA Z OGRANICZONĄ ODPOWIEDZIALNOŚCIĄ
NIP: 1132520346
Grupa: 1. GOSIA (Top 10)
Sugerowany opiekun: Gosia
Warunki płatności: Przelew skonto za płatność w terminie
Termin płatności (dni): 14
Rabat (%): 20
Limit kredytowy: 10400
Opis/Notatki z Bigin:
Kontakt: brak ubezp. Maciej WolskiSzef Kuchni | Notatka: Rabat  20%
SKONTO
KLIENT FAKTURA | Dodany: 09 paź 2019",1. GOSIA (Top 10)
SOUND GARDEN HOTEL,C011,Gosia,Premium,Gosia Premium,Aktywny,1,792502142,530376566,coo@soundgardenhotel.pl,"headchef@soundgardenhotel.pl, malgorzata.rojek@addallhoreca.pl",Sms,"Skalo, SMS",Środa,1x/tydzień,Warszawa,Poland,"Adres: ul. Żwirki i Wigury 18; 02-092; Warszawa; Poland | Info: Pełna nazwa: SOUND GARDEN HOTEL SPÓŁKA Z OGRANICZONĄ ODPOWIEDZIALNOŚCIĄ
NIP: 5213608107
Grupa: 1. GOSIA (Top 10)
Sugerowany opiekun: Gosia
Warunki płatności: Przelew skonto za płatność w terminie
Termin płatności (dni): 7
Rabat (%): 20
Limit kredytowy: 11450
Dodatkowe info (telefon): Łukasz GóralczykZastępca Szefa Kuchni
Opis/Notatki z Bigin:
Kontakt: Robert TalarekSzef Kuchni | Notatka: Rabat  20%
SKONTO
LIMIT EULER 20 000 | Dodany: 17 wrz 2021",1. GOSIA (Top 10)
Alegloria,C012,Magda,Premium,Magda Premium,Aktywny,1,600344640,608444962,manager@alegloria.pl,malgorzata.rojek@addallhoreca.pl,Sms,Email,Środa,2x/miesiąc,Warszawa,Poland,"Adres: ul. Poleczki 23; 02-822; Warszawa; Poland | Info: Pełna nazwa: DOSMAK SPÓŁKA Z OGRANICZONĄ ODPOWIEDZIALNOŚCIĄ
NIP: 9512416168
Grupa: 2. MAGDA PREMIUM
Sugerowany opiekun: Magda
Warunki płatności: przelew
Termin płatności (dni): 14
Rabat (%): 18
Limit kredytowy: 0
Dodatkowe info (telefon): Mirosław Sroka
Opis/Notatki z Bigin:
Kontakt: Marcin Bieńkowski | Notatka: LIMIT EULER 20 000 
SKONTO | Dodany: 05 lis 2025",2. MAGDA PREMIUM
ARCHE HOTEL PUŁAWSKA,C013,Magda,Premium,Magda Premium,Aktywny,1,794111430,223198070,o.bernady@arche.pl,kalkulacja@arche.pl,Sms,"SMS, Email",Czwartek,1x/tydzień,Warszawa,Poland,"Adres: ul. Puławska 361; 02-801; Warszawa; Poland | Info: Pełna nazwa: `ARCHE` SPÓŁKA AKCYJNA
NIP: 8211639335
Grupa: 2. MAGDA PREMIUM
Sugerowany opiekun: Magda
Warunki płatności: przelew
Termin płatności (dni): 14
Rabat (%): 15
Limit kredytowy: 0
Opis/Notatki z Bigin:
Kontakt: -  szefowa kuchni | Notatka: Rabat  15%
Limit EULER 20 000 | Uwagi: różowe rękawiczki S/folie do wakowania po 200szt./Winterhalter A70LS Odkamieniacz do zmywarek 12kg | Dodany: 16 maj 2024",2. MAGDA PREMIUM
Babcia Włoszka,C014,Magda,Standard,Magda Standard,Aktywny,1,577551373,,p.kurpinski@yahoo.pl,kontakt.babciawloszka@gmail.com-należności,Sms,SMS,"Wtorek, Czwartek",2x/tydzień,Warszawa,Poland,"Adres: ul. Jurajska 3 lok. 28; 02-699; Warszawa; Poland | Info: Pełna nazwa: Trattoria Babcia Włoszka Piotr Kurpiński
NIP: 5272629826
Grupa: 3. MAGDA STANDARD
Sugerowany opiekun: Magda
Warunki płatności: przelew
Termin płatności (dni): 10
Rabat (%): 20
Limit kredytowy: 0
Opis/Notatki z Bigin:
Kontakt: JurekMenager | Notatka: Rabat  15%
Limit EULER 20 000 | Uwagi: LUDWIK BALSAM | Dodany: 21 lut 2022",3. MAGDA STANDARD
Bistro Oliwa,C015,Magda,Standard,Magda Standard,Aktywny,1,691535426,,j.jasinski@bistro-oliwa.pl,,Sms,SMS,Wtorek,1x/miesiąc,Gdańsk,Poland,"Adres: Aleja Grunwaldzka 501; 80-320; Gdańsk; Poland | Info: Pełna nazwa: BISTRO OLIWA SPÓŁKA Z OGRANICZONĄ ODPOWIEDZIALNOŚCIĄ
NIP: 5862395401
Grupa: 3. MAGDA STANDARD
Sugerowany opiekun: Magda
Warunki płatności: Karta płatnicza
Termin płatności (dni): 0
Rabat (%): 10
Limit kredytowy: 0
Opis/Notatki z Bigin:
Kontakt: Jonasz Jasiński | Dodany: 19 lis 2025",3. MAGDA STANDARD
Buns and bottles bar,C016,Magda,Standard,Magda Standard,Aktywny,1,514675619,,bunsandbottlesbar@gmail.com,malgorzata.rojek@addallhoreca.pl,Sms,Skalo,Środa,2x/miesiąc,Warszawa,Poland,"Adres: Domaniewska 17/19/133; 02-672; Warszawa; Poland | Info: Pełna nazwa: IRISHMAN SPÓŁKA Z OGRANICZONĄ ODPOWIEDZIALNOŚCIĄ
NIP: 5214026057
Grupa: 3. MAGDA STANDARD
Sugerowany opiekun: Magda
Warunki płatności: przelew
Termin płatności (dni): 7
Rabat (%): 15
Limit kredytowy: 0
Opis/Notatki z Bigin:
Kontakt: brak ubezp.Andrje | Notatka: BRAK UBEZPIECZENIA | Dodany: 28 paź 2025",3. MAGDA STANDARD
BURGERLAB,C017,Magda,Standard,Magda Standard,Aktywny,1,796027612,,burgerlab.pl@gmail.com,,Sms,Skalo,Wtorek,2x/miesiąc,Warszawa,Poland,"Adres: ul. Piękna 28/34 lok. U8; 00-547; Warszawa; Poland | Info: Pełna nazwa: BURGERLAB SPÓŁKA Z OGRANICZONĄ ODPOWIEDZIALNOŚCIĄ
NIP: 1133071815
Grupa: 3. MAGDA STANDARD
Sugerowany opiekun: Magda
Warunki płatności: Przelew skonto za płatność w terminie
Termin płatności (dni): 7
Rabat (%): 15
Limit kredytowy: 4100
Opis/Notatki z Bigin:
Kontakt: brak ubezp. Krystsina Siarhei Osoba odpowiedzialna za zamów. | Notatka: Rabat  15%

SKONTO | Dodany: 14 maj 2024",3. MAGDA STANDARD
Camastra,C018,Magda,Premium,Magda Premium,Aktywny,1,503898758,,anna.rzasa@camastra.pl,,Telefon,Email,Środa,1x/miesiąc,Warszawa,Poland,"Adres: Ul. Plac Trzech Krzyży 10/14; 00-499; Warszawa; Poland | Info: Pełna nazwa: CAMASTRA HOLDING SPÓŁKA Z OGRANICZONĄ ODPOWIEDZIALNOŚCIĄ
NIP: 5252770674
Grupa: 2. MAGDA PREMIUM
Sugerowany opiekun: Magda
Warunki płatności: przelew
Termin płatności (dni): 7
Rabat (%): 15
Limit kredytowy: 9500
Opis/Notatki z Bigin:
Kontakt: brak ubezp. Anna Rzęsa | Notatka: Rabat  15% | Uwagi: Zamkniete W poniedziałek | Dodany: 08 lis 2021",2. MAGDA PREMIUM
Chocobon,C019,Magda,Standard,Magda Standard,Aktywny,1,,,sweetbite@eventfn.pl,"j.zielinska@eventfn.pl, malgorzata.rojek@addallhoreca.pl",Sms,Skalo,Wtorek,2x/miesiąc,Warszawa,Poland,"Adres: UL. ŻELAZNA 51/53; 00-841; Warszawa; Poland | Info: Pełna nazwa: SWEET BITE SPÓŁKA Z OGRANICZONĄ WEET BITE SPÓŁKA Z OGRANICZONĄ ODPOWIEDZIALNOŚCIĄ
NIP: 5273065923
Grupa: 3. MAGDA STANDARD
Sugerowany opiekun: Magda
Warunki płatności: przelew
Termin płatności (dni): 15
Rabat (%): 30
Limit kredytowy: 0
Opis/Notatki z Bigin:
Kontakt: brak ubezpieczenia | Notatka: Rabat  30%
BRAK UBEPZPIECZENIA ( ochrona była do 11.08.2025) | Dodany: 10 cze 2024",3. MAGDA STANDARD
Chocobon - CATERING,C020,Magda,Standard,Magda Standard,Aktywny,1,,,sweetbite@eventfn.pl-,"j.zielinska@eventfn.pl, malgorzata.rojek@addallhoreca.pl",Sms,WhatsApp,Wtorek,2x/miesiąc,Warszawa,Poland,"Adres: UL. ŻELAZNA 51/53; 00-841; Warszawa; Poland | Info: Pełna nazwa: SWEET BITE SPÓŁKA Z OGRANICZONĄ WEET BITE SPÓŁKA Z OGRANICZONĄ ODPOWIEDZIALNOŚCIĄ
NIP: 5273065923
Grupa: 3. MAGDA STANDARD
Sugerowany opiekun: Magda
Warunki płatności: przelew
Termin płatności (dni): 15
Rabat (%): 30
Limit kredytowy: 0
Opis/Notatki z Bigin:
Kontakt: brak ubezp. | Notatka: Rabat  30%
brak ubezpieczenia (ochrona była do 11.08 nie przyjęto odnowienia) | Dodany: 07 sie 2024",3. MAGDA STANDARD
Culture Cafe,C021,Magda,Premium,Magda Premium,Aktywny,1,880891706,,culturecafepl@gmail.com,,Sms,Skalo,Środa,1x/tydzień,Warszawa,Poland,"Adres: ul. Postępu 27 lok. U6; 02-676; Warszawa; Poland | Info: Pełna nazwa: BARISTA SKILL SPÓŁKA Z OGRANICZONĄ ODPOWIEDZIALNOŚCIĄ
NIP: 5252902420
Grupa: 2. MAGDA PREMIUM
Sugerowany opiekun: Magda
Warunki płatności: Przelew skonto za płatność w terminie
Termin płatności (dni): 7
Rabat (%): 20
Limit kredytowy: 20000
Opis/Notatki z Bigin:
Kontakt: brak ubezp.AnastazjaMenager | Notatka: Rabat  20%
brak ubezpieczenia Limit EULER 30 000 był do 04.12.2025
FV zbiorcza
SKONTO | Uwagi: zależy im na cenach na opakowania | Dodany: 22 lis 2022",2. MAGDA PREMIUM
Culture Cafe - Grzybowska,C022,Magda,Premium,Magda Premium,Aktywny,1,536397497,,culturecafepl@gmail.com,,Sms,Skalo,Środa,1x/miesiąc,Warszawa,Poland,"Adres: ul. Postępu 27 lok. U6; 02-676; Warszawa; Poland | Info: Pełna nazwa: BARISTA SKILL SPÓŁKA Z OGRANICZONĄ ODPOWIEDZIALNOŚCIĄ
NIP: 5252902420
Grupa: 2. MAGDA PREMIUM
Sugerowany opiekun: Magda
Warunki płatności: Przelew skonto za płatność w terminie
Termin płatności (dni): 7
Rabat (%): 20
Limit kredytowy: 0
Opis/Notatki z Bigin:
Kontakt: brak ubezp.NikitaWspółwłaśćiciel | Notatka: Rabat  20%
BRAK UBEZPIECZENIA  Limit EULER byłdo 04.12.2025
Fv zbiorcza 
SKONTO | Uwagi: zależy im na cenach na opakowania | Dodany: 11 mar 2025",2. MAGDA PREMIUM
Culture Cafe - Wola,C023,Magda,Premium,Magda Premium,Aktywny,1,536397497,,culturecafepl@gmail.com,,Sms,Skalo,Środa,1x/tydzień,Warszawa,Poland,"Adres: ul. Postępu 27 lok. U6; 02-676; Warszawa; Poland | Info: Pełna nazwa: BARISTA SKILL SPÓŁKA Z OGRANICZONĄ ODPOWIEDZIALNOŚCIĄ
NIP: 5252902420
Grupa: 2. MAGDA PREMIUM
Sugerowany opiekun: Magda
Warunki płatności: Przelew skonto za płatność w terminie
Termin płatności (dni): 7
Rabat (%): 20
Limit kredytowy: 0
Opis/Notatki z Bigin:
Kontakt: brak ubezp. | Notatka: Rabat  20%
BRAK UBEZPIECZENIA Limit EULER 20 000 był do 04.12.2025
Fv zbiorcza 
SKONTO | Uwagi: zależy im na cenach na opakowania | Dodany: 29 sie 2023",2. MAGDA PREMIUM
DOM OPIEKI `ANNA`,C024,Magda,Standard,Magda Standard,Aktywny,1,784170700,,kacper0825@onet.pl,,Sms,,Wtorek,1x/miesiąc,Chylice,Poland,"Adres: ul. Przejazd 5; 05-510; Chylice; Poland | Info: Pełna nazwa: DOM OPIEKI `ANNA` DARIUSZ TRACZYK
NIP: 1230194468
Grupa: 3. MAGDA STANDARD
Sugerowany opiekun: Magda
Warunki płatności: przelew
Termin płatności (dni): 3
Rabat (%): 15
Limit kredytowy: 0
Opis/Notatki z Bigin:
Kontakt: Kacper Traczyk - Właściciel | Notatka: Rabat  15%

Limit EULER 20 000 | Uwagi: odbieramy kartony | Dodany: 01 gru 2022",3. MAGDA STANDARD
EL PATIO,C025,Magda,Standard,Magda Standard,Aktywny,1,,,biuro@elpatiowarsaw.com,restauracja@elpatiowarsaw.com,Sms,Skalo,Środa,2x/tydzień,Warszawa - Powsin,Poland,"Adres: ul. Kremowa 63; 02-969; Warszawa - Powsin; Poland | Info: Pełna nazwa: Angel Abadia Albaiceta Gastro Angels
NIP: 1182250274
Grupa: 3. MAGDA STANDARD
Sugerowany opiekun: Magda
Warunki płatności: przelew
Termin płatności (dni): 7
Rabat (%): 20
Limit kredytowy: 0
Opis/Notatki z Bigin:
Notatka: Limit EULER 20 000
dostawa środa-niedziela od 11 | Uwagi: serwetki DUNI/indywidualne zam. kolory | Dodany: 05 lis 2024",3. MAGDA STANDARD
GAN BEI,C026,Magda,Premium,Magda Premium,Aktywny,1,574084003,,office@ganbei.pl,diana.bogucka@ganbei.pl,Sms,Skalo,Wtorek,1x/tydzień,Warszawa,Poland,"Adres: ul. Wołoska 12 lok. 16; 02-675; Warszawa; Poland | Info: Pełna nazwa: GBP REST SPÓŁKA Z OGRANICZONĄ ODPOWIEDZIALNOŚCIĄ
NIP: 5223219459
Grupa: 2. MAGDA PREMIUM
Sugerowany opiekun: Magda
Warunki płatności: Przelew skonto za płatność w terminie
Termin płatności (dni): 14
Rabat (%): 15
Limit kredytowy: 7500
Opis/Notatki z Bigin:
Kontakt: brak ubezp. | Notatka: Rabat  15%
BRAK UBEZPIECZENIA Limit EULER  23 000zł do 3.11.2025
SKONTO | Uwagi: dostawa do 10.30/ wysyłanie należności co miesiąc/Marida mydło w piance | Dodany: 01 sie 2022",2. MAGDA PREMIUM
GAN BEI CHMIELNA,C027,Magda,Premium,Magda Premium,Aktywny,1,574084003,,office@ganbei.pl,diana.bogucka@ganbei.pl,Sms,Skalo,Wtorek,1x/tydzień,Warszawa,Poland,"Adres: ul. Wołoska 12 lok. 16; 02-675; Warszawa; Poland | Info: Pełna nazwa: GBP REST SPÓŁKA Z OGRANICZONĄ ODPOWIEDZIALNOŚCIĄ
NIP: 5223219459
Grupa: 2. MAGDA PREMIUM
Sugerowany opiekun: Magda
Warunki płatności: Przelew skonto za płatność w terminie
Termin płatności (dni): 14
Rabat (%): 15
Limit kredytowy: 4500
Opis/Notatki z Bigin:
Kontakt: brak ubezp | Notatka: Rabat  15%
BRAK UBEZPIECZENIA Limit EULER  23 000zł do 3.11.2025
SKONTO | Uwagi: wysyłanie należności co miesiąc/Marida mydło w piance | Dodany: 07 gru 2023",2. MAGDA PREMIUM
Gmina Belsk,C028,Magda,Standard,Magda Standard,Aktywny,1,669826767,,dorotamatusz.psp@op.pl,"sekretariat@szkolabelskduzy.pl, malgorzata.rojek@addallhoreca.pl",Telefon,"Telefon, SMS",Środa,1x/miesiąc,Belsk Duży,Poland,"Adres: ul. Jana Kozietulskiego 4; 05-622; Belsk Duży; Poland | Info: Pełna nazwa: GMINA BELSK DUŻY
NIP: 7971930946
Grupa: 3. MAGDA STANDARD
Sugerowany opiekun: Magda
Warunki płatności: przelew
Termin płatności (dni): 7
Rabat (%): 15
Limit kredytowy: 0
Opis/Notatki z Bigin:
Kontakt: DOROTA JASKÓLSKA | Dodany: 09 wrz 2025",3. MAGDA STANDARD
Grupa Cateringowa,C029,Magda,Premium,Magda Premium,Aktywny,1,,,monika.trzcinska@laros-catering.pl,,Sms,"Skalo, WhatsApp",Wtorek,1x/tydzień,Warszawa,Poland,"Adres: ul. Niccola Paganiniego 3 A; 02-491; Warszawa; Poland | Info: Pełna nazwa: GRUPA CATERINGOWA MLS SPÓŁKA Z OGRANICZONĄ ODPOWIEDZIALNOŚCIĄ
NIP: 5223252994
Grupa: 2. MAGDA PREMIUM
Sugerowany opiekun: Magda
Warunki płatności: Przelew skonto za płatność w terminie
Termin płatności (dni): 15
Rabat (%): 20
Limit kredytowy: 0
Opis/Notatki z Bigin:
Kontakt: brak ubezp. | Notatka: Rabat  20%
SKONTO | Dodany: 05 maj 2023",2. MAGDA PREMIUM
Hamra,C030,Magda,Premium,Magda Premium,Aktywny,1,725168274,603123343,piotr.ulaszewski@wp.pl,malgorzata.rojek@addallhoreca.pl,Email,Email,Poniedziałek,2x/tydzień,Warszawa,Poland,"Adres: Plac Bankowy 2; 00-095; Warszawa; Poland | Info: Pełna nazwa: PROJEKT MEZZE SPÓŁKA Z OGRANICZONĄ ODPOWIEDZIALNOŚCIĄ
NIP: 5252834368
Grupa: 2. MAGDA PREMIUM
Sugerowany opiekun: Magda
Warunki płatności: Przelew skonto za płatność w terminie
Termin płatności (dni): 15
Rabat (%): 30
Limit kredytowy: 0
Opis/Notatki z Bigin:
Notatka: Rabat 30%
Limit EULER 20 000 | Dodany: 13 lis 2023",2. MAGDA PREMIUM
HANULKA,C031,Magda,Premium,Magda Premium,Aktywny,1,537741208,,kumple.gastro@gmail.com,malgorzata.rojek@addallhoreca.pl,Sms,Skalo,Wtorek,1x/miesiąc,Warszawa,Poland,"Adres: ul. Kolejowa 47 lok. U15; 01-210; Warszawa; Poland | Info: Pełna nazwa: Andrzej Otowski
NIP: 5311632727
Grupa: 2. MAGDA PREMIUM
Sugerowany opiekun: Magda
Warunki płatności: przelew
Termin płatności (dni): 7
Rabat (%): 18
Limit kredytowy: 0
Opis/Notatki z Bigin:
Kontakt: BRAK ubezp. Michał Harkavyi | Notatka: LIMIT EULER 20 000 DO 26.11.2025
FAKTURY ZBIORCZE | Dodany: 18 wrz 2025",2. MAGDA PREMIUM
Hoshi Sushi Mszczonów,C032,Magda,Standard,Magda Standard,Aktywny,1,,,gwiazda_szymon@op.pl,,Sms,Skalo,Środa,1x/miesiąc,Mszczonów,Poland,"Adres: ul. Tarczyńska 35b; 96-320; Mszczonów; Poland | Info: Pełna nazwa: SZYMON GWIAZDA GASTRONOMIA
NIP: 7981485927
Grupa: 3. MAGDA STANDARD
Sugerowany opiekun: Magda
Warunki płatności: przelew
Termin płatności (dni): 7
Rabat (%): 10
Limit kredytowy: 1400
Opis/Notatki z Bigin:
Notatka: Rabat  10%
Limit Euler 20 000zł | Uwagi: pudełka na sushi czarne, niewielkie zamówienia 1-2 w miesiącu | Dodany: 26 mar 2024",3. MAGDA STANDARD
IKI Izakaya,C033,Magda,Standard,Magda Standard,Aktywny,1,514675619,571578378,nowaforma25@gmail.com,malgorzata.rojek@addallhoreca.pl,Sms,Skalo,Wtorek,2x/tydzień,Warszawa,Poland,"Adres: ul. Nowogrodzka 44/U1; 02-699; Warszawa; Poland | Info: Pełna nazwa: NOWA FORMA PROSTA SPÓŁKA AKCYJNA
NIP: 7011282626
Grupa: 3. MAGDA STANDARD
Sugerowany opiekun: Magda
Warunki płatności: przelew
Termin płatności (dni): 7
Rabat (%): 15
Limit kredytowy: 0
Dodatkowe info (telefon): Daniel
Opis/Notatki z Bigin:
Kontakt: Andrje brak ubez. | Notatka: brak ubezpieczenia | Dodany: 23 paź 2025",3. MAGDA STANDARD
Japoński Sąsiad 2 CZAPELSKA,C034,Magda,Standard,Magda Standard,Aktywny,1,575546126,739005320,js.biuro.waw@gmail.com,,Sms,Skalo,Wtorek,1x/tydzień,Warszawa,Poland,"Adres: ul. Banderii 4 lok. U4; 01-164; Warszawa; Poland | Info: Pełna nazwa: VLADYSLAV STREBUL
NIP: 7292724055
Grupa: 3. MAGDA STANDARD
Sugerowany opiekun: Magda
Warunki płatności: przelew
Termin płatności (dni): 7
Rabat (%): 20
Limit kredytowy: 0
Dodatkowe info (telefon): OlanaMenager
Opis/Notatki z Bigin:
Kontakt: Władek  - Właściciel | Notatka: Rabat  20%
Limit EULER 20 000 | Uwagi: Torby z nadrukiem | Dodany: 12 lut 2024",3. MAGDA STANDARD
Japoński Sąsiad BANDERII,C035,Magda,Standard,Magda Standard,Aktywny,1,575546126,739005320,js.biuro.waw@gmail.com,,Sms,Skalo,Wtorek,1x/tydzień,Warszawa,Poland,"Adres: ul. Banderii 4 lok. U4; 01-164; Warszawa; Poland | Info: Pełna nazwa: VLADYSLAV STREBUL
NIP: 7292724055
Grupa: 3. MAGDA STANDARD
Sugerowany opiekun: Magda
Warunki płatności: przelew
Termin płatności (dni): 7
Rabat (%): 20
Limit kredytowy: 0
Dodatkowe info (telefon): Olena - Menager
Opis/Notatki z Bigin:
Kontakt: Władek Właściciel | Notatka: Rabat  20%
Limit EULER 20 000 | Uwagi: Torby z nadrukiem | Dodany: 13 mar 2023",3. MAGDA STANDARD
Kontakt Wine,C036,Magda,Premium,Magda Premium,Aktywny,1,721112725,5260206020,manager@kontakt.wine,malgorzata.rojek@addallhoreca.pl,Sms,Skalo,Czwartek,1x/tydzień,Warszawa,Poland,"Adres: ul. Olkuska 7; 02-604; Warszawa; Poland | Info: Pełna nazwa: `ROLMEX` SPÓŁKA AKCYJNA
NIP: 5260206020
Grupa: 2. MAGDA PREMIUM
Sugerowany opiekun: Magda
Warunki płatności: Przelew skonto za płatność w terminie
Termin płatności (dni): 14
Rabat (%): 15
Limit kredytowy: 0
Opis/Notatki z Bigin:
Kontakt: Dominik Ostrowski | Notatka: Limit EULER 20 000
SKONTO | Dodany: 02 kwi 2024",2. MAGDA PREMIUM
Krzysztof Cieślak,C037,Magda,Standard,Magda Standard,Aktywny,1,512856368,,k.cieslak@qsl.eu.com,l.jaczynski@qsl.eu.com,Sms,,Wtorek,1x/miesiąc,Warszawa,Poland,"Adres: Aleja Jana Pawła II 11; 00-828; Warszawa; Poland | Info: Pełna nazwa: QUICK SERVICE LOGISTICS POLSKA SPÓŁKA Z OGRANICZONĄ ODPOWIEDZIALNOŚCIĄ SPÓŁKA KOMANDYTOWA
NIP: 5272712214
Grupa: 3. MAGDA STANDARD
Sugerowany opiekun: Magda
Warunki płatności: przelew
Termin płatności (dni): 5
Rabat (%): 8
Limit kredytowy: 0
Opis/Notatki z Bigin:
Kontakt: Krzysztof Cieślak - Osoba  kontaktowa | Notatka: Rabat  8%
LIMIT EULER 20 000 | Uwagi: BACTICID AF WIPES tuba -PRODUKT INDYWIDUALNY | Dodany: 11 maj 2020",3. MAGDA STANDARD
Kuchnia Warszawska,C038,Magda,Standard,Magda Standard,Aktywny,1,533997367,,mng@kuchniawarszawska.com.pl,,Sms,Skalo,Czwartek,1x/tydzień,Warszawa,Poland,"Adres: ul. Poleczki 23; 02-822; Warszawa; Poland | Info: Pełna nazwa: CIAO PIZZA & PASTA SPÓŁKA Z OGRANICZONĄ ODPOWIEDZIALNOŚCIĄ
NIP: 9512341281
Grupa: 3. MAGDA STANDARD
Sugerowany opiekun: Magda
Warunki płatności: przelew
Termin płatności (dni): 14
Rabat (%): 18
Limit kredytowy: 0
Opis/Notatki z Bigin:
Kontakt: Katarzyna Candan brak ubexzp. | Notatka: BRAK UBEZPIECZENIA | Dodany: 19 sie 2025",3. MAGDA STANDARD
KUMPLE,C039,Magda,Premium,Magda Premium,Aktywny,1,537741208,,kumple.gastro@gmail.com,malgorzata.rojek@addallhoreca.pl,Sms,Skalo,Czwartek,1x/tydzień,Warszawa,Poland,"Adres: ul. Kolejowa 47 lok. U15; 01-210; Warszawa; Poland | Info: Pełna nazwa: Andrzej Otowski
NIP: 5311632727
Grupa: 2. MAGDA PREMIUM
Sugerowany opiekun: Magda
Warunki płatności: przelew
Termin płatności (dni): 7
Rabat (%): 18
Limit kredytowy: 0
Opis/Notatki z Bigin:
Kontakt: BRAK UBEZP.. Michał Harkavyi | Notatka: BRAK UBEZPIECZENIA
LIMIT EULER 20 000 DO 26.11.2025
FAKTURY ZBIORCZE | Dodany: 24 lip 2025",2. MAGDA PREMIUM
La Casa Bistro & Cafe,C040,Magda,Standard,Magda Standard,Aktywny,1,500612334,,biurolacasapiaseczno@gmail.com,"lacasapiaseczno@gmail.com, malgorzata.rojek@addallhoreca.pl",Sms,SMS,Czwartek,1x/tydzień,Piaseczno,Poland,"Adres: ul. Wojska Polskiego 30; 05-500; Piaseczno; Poland | Info: Pełna nazwa: BART-S SPÓŁKA Z OGRANICZONĄ ODPOWIEDZIALNOŚCIĄ
NIP: 1231512829
Grupa: 3. MAGDA STANDARD
Sugerowany opiekun: Magda
Warunki płatności: przelew
Termin płatności (dni): 7
Rabat (%): 20
Limit kredytowy: 0
Opis/Notatki z Bigin:
Kontakt: brak ubezp.Kamil Majcher | Notatka: brak ubezpieczenia 
2 wz i FV
DRUKOWANIE WZ Z CENAMI | Dodany: 19 cze 2024",3. MAGDA STANDARD
La Ros 2,C041,Magda,Standard,Magda Standard,Aktywny,1,530411311,,monika.trzcinska@laros-catering.pl,,Sms,SMS,Wtorek,1x/miesiąc,Katowice,Poland,"Adres: ul. ks. Franciszka Ścigały 8a lok. 22; 40-208; Katowice; Poland | Info: Pełna nazwa: LAROS CATERING ŁUKASZ ROŚ
NIP: 5291635590
Grupa: 3. MAGDA STANDARD
Sugerowany opiekun: Magda
Warunki płatności: Przelew skonto za płatność w terminie
Termin płatności (dni): 7
Rabat (%): 15
Limit kredytowy: 0
Opis/Notatki z Bigin:
Kontakt: MarzenaOsoba odpowiedzialna za zamów. | Notatka: Rabat  15%
Limit EULER 20 000
SKONTO | Dodany: 11 paź 2023",3. MAGDA STANDARD
Liban w Szklance,C042,Magda,Standard,Magda Standard,Aktywny,1,796577118,,khalifehbechara@gmail.com,malgorzata.rojek@addallhoreca.pl,Sms,WhatsApp,Środa,2x/miesiąc,Warszawa,Poland,"Adres: ul. Jurija Gagarina 31; 00-735; Warszawa; Poland | Info: Pełna nazwa: Libańskie Smaki Bechara Khalife
NIP: 5214138678
Grupa: 3. MAGDA STANDARD
Sugerowany opiekun: Magda
Warunki płatności: Gotówka
Termin płatności (dni): 0
Rabat (%): 20
Limit kredytowy: 0
Opis/Notatki z Bigin:
Kontakt: Khalife Bechara | Dodany: 05 lis 2025",3. MAGDA STANDARD
LIMBA,C043,Magda,Standard,Magda Standard,Aktywny,1,,,stolowkasggw@wp.pl,,Sms,SMS,Wtorek,2x/tydzień,Warszawa,Poland,"Adres: Nowoursynowska 161; 02-787; Warszawa; Poland | Info: Pełna nazwa: `LIMBA` Usługi Gastronomiczne Anna Speruda- Żytek
NIP: 9511293491
Grupa: 3. MAGDA STANDARD
Sugerowany opiekun: Magda
Warunki płatności: przelew
Termin płatności (dni): 7
Rabat (%): 10
Limit kredytowy: 0
Opis/Notatki z Bigin:
Notatka: Rabat  10%
Limit EULER 20 000 | Uwagi: otwarci do 13 30 | Dodany: 07 paź 2015",3. MAGDA STANDARD
Lunch - Kuba 2,C044,Magda,Premium,Magda Premium,Aktywny,1,604443443,,rcw.lunchcat@gmail.com,,Sms,Skalo,Czwartek,1x/tydzień,Warszawa,Poland,"Adres: ul. Kardamonowa 17; 02-995; Warszawa; Poland | Info: Pełna nazwa: RACING CENTER WARSAW SPÓŁKA Z OGRANICZONĄ ODPOWIEDZIALNOŚCIĄ
NIP: 5223062696
Grupa: 2. MAGDA PREMIUM
Sugerowany opiekun: Magda
Warunki płatności: przelew
Termin płatności (dni): 5
Rabat (%): 15
Limit kredytowy: 4850
Opis/Notatki z Bigin:
Kontakt: brak ubezp.Maciej  Zawadzki - Właściciel | Notatka: Rabat  15% | Uwagi: 12 30 dostawa na góre | Dodany: 02 paź 2023",2. MAGDA PREMIUM
Mazurkas,C045,Magda,Standard,Magda Standard,Aktywny,1,662029876,668121433,m.dudkiewicz@mazurkashotel.pl,,Telefon,Telefon,Wtorek,1x/miesiąc,Ożarów Mazowiecki,Poland,"Adres: Poznańska 177; 05-850; Ożarów Mazowiecki; Poland | Info: Pełna nazwa: MCC Mazurkas Conference Centre & Hotel Sp. z o. o.
NIP: 118-202-55-54
Grupa: 3. MAGDA STANDARD
Sugerowany opiekun: Magda
Warunki płatności: przelew
Termin płatności (dni): 7
Rabat (%): 10
Limit kredytowy: 0
Dodatkowe info (telefon): Małgorzata KaweckaHOTEL - Osoba odp
Opis/Notatki z Bigin:
Kontakt: Monika Dudkiewicz - KUCHNIA - Osoba odpowiedzialna za zamów. | Notatka: Rabat  10%
Dostawy wtorek /czwartek 
Limit EULER 20 000 | Uwagi: podnoszenie cen na płyny | Dodany: 07 paź 2015",3. MAGDA STANDARD
MOSiR Poranki i Wieczory,C046,Magda,Standard,Magda Standard,Aktywny,1,530874586,531290290,krozw@wp.pl,malgorzata.rojek@addallhoreca.pl,Sms,SMS,Czwartek,1x/miesiąc,Warszawa,Poland,"Adres: UL. OKRĘŻNA 13; 02-916; Warszawa; Poland | Info: Pełna nazwa: LAKE BUD SPÓŁKA Z OGRANICZONĄ ODPOWIEDZIALNOŚCIĄ
NIP: 5213933327
Grupa: 3. MAGDA STANDARD
Sugerowany opiekun: Magda
Warunki płatności: Przelew skonto za płatność w terminie
Termin płatności (dni): 7
Rabat (%): 20
Limit kredytowy: 0
Dodatkowe info (telefon): Krzysztof Rozwadowski Współwłaścici
Opis/Notatki z Bigin:
Kontakt: brak ubezp. Michał Kulczyński | Notatka: Rabat  20%
SKONTO | Dodany: 28 cze 2024",3. MAGDA STANDARD
PADRON,C047,Magda,Standard,Magda Standard,Aktywny,1,697155569,,hello@padron.rest,"faktury@padron.rest, malgorzata.rojek@addallhoreca.pl",Sms,SMS,Czwartek,1x/tydzień,Warszawa,Poland,"Adres: ul. Grzybowska 37 lok. A.00.U2; 00-855; Warszawa; Poland | Info: Pełna nazwa: DZIEŁO ŻYCIA SPÓŁKA Z OGRANICZONĄ ODPOWIEDZIALNOŚCIĄ
NIP: 5214049354
Grupa: 3. MAGDA STANDARD
Sugerowany opiekun: Magda
Warunki płatności: Przelew skonto za płatność w terminie
Termin płatności (dni): 7
Rabat (%): 18
Limit kredytowy: 0
Opis/Notatki z Bigin:
Kontakt: Paweł Ryndak brak ubezp. | Notatka: BRAK UBEZPIECZENIA LIMIT EULER 20 000 do 19.11.2025
SKONTO | Dodany: 07 maj 2025",3. MAGDA STANDARD
Pałac Rozalin,C048,Magda,Premium,Magda Premium,Aktywny,1,721224548,223149332,souschef@palacrozalin.pl,mzmierczak9@gmail.com,Sms,Skalo,Czwartek,1x/tydzień,Raszyn,Poland,"Adres: ul. Al. Krakowska 39; 05-090; Raszyn; Poland | Info: Pełna nazwa: PAŁAC ROZALIN A.K. MOLGO SPÓŁKA JAWNA
NIP: 5342619047
Grupa: 2. MAGDA PREMIUM
Sugerowany opiekun: Magda
Warunki płatności: Przelew skonto za płatność w terminie
Termin płatności (dni): 12
Rabat (%): 15
Limit kredytowy: 0
Opis/Notatki z Bigin:
Kontakt: Michał SochaMenager | Notatka: Rabat  15%
Limit EULER 20 000
SKONTO | Uwagi: Pilnowac dni zamwiania | Dodany: 07 maj 2019",2. MAGDA PREMIUM
Panattoni Cafe,C049,Magda,Standard,Magda Standard,Aktywny,1,,,manager@panattonicafe.com,,Sms,Skalo,Wtorek,2x/tydzień,Warszawa,Poland,"Adres: Plac Europejski 1; 00-844; Warszawa; Poland | Info: Pełna nazwa: PDC MARKETING SPÓŁKA Z OGRANICZONĄ ODPOWIEDZIALNOŚCIĄ
NIP: 5252800168
Grupa: 3. MAGDA STANDARD
Sugerowany opiekun: Magda
Warunki płatności: przelew
Termin płatności (dni): 21
Rabat (%): 20
Limit kredytowy: 3700
Opis/Notatki z Bigin:
Kontakt: brak ubezp. | Uwagi: stopniowe poszerzanie | Dodany: 03 paź 2024",3. MAGDA STANDARD
Park Cafe 2,C050,Magda,Standard,Magda Standard,Aktywny,1,,,kokczynskimichal@gmail.com,,Sms,Skalo,Środa,1x/tydzień,Warszawa,Poland,"Adres: ul. Rakowiecka 43A lok. 29; 02-521; Warszawa; Poland | Info: Pełna nazwa: PARK CAFE MICHAŁ KOKCZYŃSKI
NIP: 1231261942
Grupa: 3. MAGDA STANDARD
Sugerowany opiekun: Magda
Warunki płatności: przelew
Termin płatności (dni): 7
Rabat (%): 20
Limit kredytowy: 0
Opis/Notatki z Bigin:
Notatka: Limit EULER 20 000 | Dodany: 11 wrz 2024",3. MAGDA STANDARD
PASTA FINIESTRA,C051,Magda,Premium,Magda Premium,Aktywny,1,725168274,603123343,piotr.ulaszewski@wp.pl,malgorzata.rojek@addallhoreca.pl,Sms,WhatsApp,Czwartek,1x/tydzień,Warszawa,Poland,"Adres: Plac Bankowy 2; 00-095; Warszawa; Poland | Info: Pełna nazwa: PROJEKT MEZZE SPÓŁKA Z OGRANICZONĄ ODPOWIEDZIALNOŚCIĄ
NIP: 5252834368
Grupa: 2. MAGDA PREMIUM
Sugerowany opiekun: Magda
Warunki płatności: Przelew skonto za płatność w terminie
Termin płatności (dni): 15
Rabat (%): 30
Limit kredytowy: 0
Opis/Notatki z Bigin:
Notatka: Rabat 30%
Limit Euler
SKONTO | Dodany: 07 lut 2025",2. MAGDA PREMIUM
Polka,C052,Magda,Premium,Magda Premium,Aktywny,1,608205696,,marek.paszkowski@restauracjapolka.pl,malgorzata.rojek@addallhoreca.pl,Sms,"SMS, Email",Środa,1x/tydzień,Warszawa,Poland,"Adres: ul. Poleczki 23; 02-822; Warszawa; Poland | Info: Pełna nazwa: DOSMAK SPÓŁKA Z OGRANICZONĄ ODPOWIEDZIALNOŚCIĄ
NIP: 9512416168
Grupa: 2. MAGDA PREMIUM
Sugerowany opiekun: Magda
Warunki płatności: przelew
Termin płatności (dni): 14
Rabat (%): 18
Limit kredytowy: 0
Opis/Notatki z Bigin:
Kontakt: Marek Paszkowski | Notatka: LIMIT EULER 20 000 | Dodany: 14 lip 2025",2. MAGDA PREMIUM
PROSUSHI,C053,Magda,Standard,Magda Standard,Aktywny,1,795763275,,fakturyprosushi@gmail.com,prosushi.pl@gmail.com,Sms,Skalo,Czwartek,1x/tydzień,Warszawa,Poland,"Adres: ul. Komputerowa 9A lok. U11; 02-677; Warszawa; Poland | Info: Pełna nazwa: PROSUSHI PL SPÓŁKA Z OGRANICZONĄ ODPOWIEDZIALNOŚCIĄ
NIP: 5272962796
Grupa: 3. MAGDA STANDARD
Sugerowany opiekun: Magda
Warunki płatności: przelew
Termin płatności (dni): 14
Rabat (%): 15
Limit kredytowy: 0
Opis/Notatki z Bigin:
Kontakt: Eliza - Osoba odpowiedzialna za zamów. | Notatka: Rabat  15%
Limit EULER 20 000 | Dodany: 04 sty 2022",3. MAGDA STANDARD
PROSUSHI BROWARY,C054,Magda,Standard,Magda Standard,Aktywny,1,795763275,,prosushibrowary@gmail.com,,Sms,Skalo,Poniedziałek,1x/tydzień,Warszawa,Poland,"Adres: ul. Komputerowa 9A lok. U11; 02-677; Warszawa; Poland | Info: Pełna nazwa: PROSUSHI PL SPÓŁKA Z OGRANICZONĄ ODPOWIEDZIALNOŚCIĄ
NIP: 5272962796
Grupa: 3. MAGDA STANDARD
Sugerowany opiekun: Magda
Warunki płatności: przelew
Termin płatności (dni): 14
Rabat (%): 15
Limit kredytowy: 0
Opis/Notatki z Bigin:
Kontakt: Eliza - Osoba odpowiedzialna za zamów. | Notatka: Rabat  15%
Limit EULER 20 000 | Dodany: 13 paź 2025",3. MAGDA STANDARD
Przedszkole nr.2 `Tęczowe Przedszkole`,C055,Magda,Premium,Magda Premium,Aktywny,1,507343193,,monika_wrochniak2021@wp.pl,,Telefon,Telefon,Wtorek,1x/miesiąc,Konstancin-Jeziorna,Poland,"Adres: ul. Piaseczyńska 77; 05-520; Konstancin-Jeziorna; Poland | Info: Pełna nazwa: GMINA KONSTANCIN-JEZIORNA
NIP: 1231217438
Grupa: 2. MAGDA PREMIUM
Sugerowany opiekun: Magda
Warunki płatności: przelew
Termin płatności (dni): 7
Rabat (%): 10
Limit kredytowy: 0
Opis/Notatki z Bigin:
Kontakt: brak ubezp. Monika WrochnaOsoba odpowiedzialna za zamów. | Notatka: Rabat  10% | Uwagi: Zamówienia wchodza jak dostaja kase z gminy | Dodany: 08 lis 2019",2. MAGDA PREMIUM
Restauracja Nolita,C056,Magda,Premium,Magda Premium,Aktywny,1,519591394,723692983,faktury@nolita.pl,,Sms,Skalo,Środa,1x/tydzień,Warszawa,Poland,"Adres: ul. Racjonalizacji 5; 02-673; Warszawa; Poland | Info: Pełna nazwa: `GP FOOD` SPÓŁKA Z OGRANICZONĄ ODPOWIEDZIALNOŚCIĄ
NIP: 5213631402
Grupa: 2. MAGDA PREMIUM
Sugerowany opiekun: Magda
Warunki płatności: przelew
Termin płatności (dni): 7
Rabat (%): 15
Limit kredytowy: 0
Dodatkowe info (telefon): Agnieszka KornackaWłascicielka
Opis/Notatki z Bigin:
Kontakt: Kamil Myka - Zastępca szefa kuchni | Notatka: Rabat  15%
Limit EULER 20 000
FV ZBIORCZA | Uwagi: produkty indywidualne Clinex glass 5 l, SHURECLEAN PLUS VK 5L ,TASKI JONTEC 300 F4A 5L | Dodany: 20 lis 2017",2. MAGDA PREMIUM
Restauracja Wilanów,C057,Magda,Premium,Magda Premium,Aktywny,1,,,krozw@wp.pl,"1magda.rozwadowska@gmail.com, malgorzata.rojek@addallhoreca.pl",Sms,SMS,Środa,2x/tydzień,Warszawa,Poland,"Adres: ul. Złota 75A/7; 00-819; Warszawa; Poland | Info: Pełna nazwa: KP 27 SPÓŁKA Z OGRANICZONĄ ODPOWIEDZIALNOŚCIĄ
NIP: 9512523504
Grupa: 2. MAGDA PREMIUM
Sugerowany opiekun: Magda
Warunki płatności: Przelew skonto za płatność w terminie
Termin płatności (dni): 7
Rabat (%): 20
Limit kredytowy: 0
Opis/Notatki z Bigin:
Notatka: Rabat  20%
Limit EULER 20 000
SKONTO | Dodany: 05 lip 2024",2. MAGDA PREMIUM
Seafood House - SEABREEZE,C058,Magda,Standard,Magda Standard,Aktywny,1,,,seafoodhouse.pl@gmail.com,,Sms,Skalo,Wtorek,1x/tydzień,Warszawa,Poland,"Adres: ul. Wiertnicza 96; 02-952; Warszawa; Poland | Info: Pełna nazwa: SEABREEZE INVESTMENTS SPÓŁKA Z OGRANICZONĄ ODPOWIEDZIALNOŚCIĄ
NIP: 9512593657
Grupa: 3. MAGDA STANDARD
Sugerowany opiekun: Magda
Warunki płatności: Przelew skonto za płatność w terminie
Termin płatności (dni): 7
Rabat (%): 10
Limit kredytowy: 0
Opis/Notatki z Bigin:
Kontakt: brak ubezp. | Notatka: Rabat  10%
brak ubezpieczenia LIMIT EULER 20 000zł do 04.12.2025
SKONTO | Dodany: 07 maj 2024",3. MAGDA STANDARD
Seafood Station,C059,Magda,Premium,Magda Premium,Aktywny,1,506363636,781474615,milena.szeluga@seafoodstation.pl,michal.szmukala@seafoodstation.pl,Sms,Skalo,Czwartek,1x/tydzień,Warszawa,Poland,"Adres: ul. Aleje Jerozolimskie 93; 02-001; Warszawa; Poland | Info: Pełna nazwa: SEA AND SEE I SPÓŁKA Z OGRANICZONĄ ODPOWIEDZIALNOŚCIĄ SPÓŁKA KOMANDYTOWO-AKCYJNA
NIP: 5851479821
Grupa: 2. MAGDA PREMIUM
Sugerowany opiekun: Magda
Warunki płatności: Przelew skonto za płatność w terminie
Termin płatności (dni): 14
Rabat (%): 19
Limit kredytowy: 0
Opis/Notatki z Bigin:
Kontakt: Jakub Arazny   Szef Kuchni brak ubezp. | Notatka: Rabat  19%
BRAK UBEZPIECZENIA
SKONTO | Uwagi: harmonogram spłat, co tydzień 1 fv/AKEMI/folia fioletowa/Ręcznik maxi 1 warstwy 292m - 6szt., DIVERSEY TASKI Jonatec Stride Degraissant 5L, Convoclean | Dodany: 30 sie 2016",2. MAGDA PREMIUM
SEAGULL,C060,Magda,Premium,Magda Premium,Aktywny,1,571799972,,hello@solec46.com,"solecfaktury@gmail.com, malgorzata.rojek@addallhoreca.pl",Sms,Skalo,Czwartek,1x/tydzień,Warszawa,Poland,"Adres: ul. Solec 46; 00-384; Warszawa; Poland | Info: Pełna nazwa: CRUSH SPÓŁKA Z OGRANICZONĄ ODPOWIEDZIALNOŚCIĄ
NIP: 5423477172
Grupa: 2. MAGDA PREMIUM
Sugerowany opiekun: Magda
Warunki płatności: Przelew skonto za płatność w terminie
Termin płatności (dni): 14
Rabat (%): 20
Limit kredytowy: 0
Dodatkowe info (komórka): Mark Ivanchenko
Opis/Notatki z Bigin:
Kontakt: BRAK UBEZPIECZENIA | Notatka: BRAK UBEZPIECZENIA EULER
ZGŁOSIĆ PO 24.11.2025
SKONTO | Dodany: 08 lip 2025",2. MAGDA PREMIUM
SHIN SUSHI  2,C061,Magda,Standard,Magda Standard,Aktywny,1,664459909,665706422,sushishin26@gmail.com,,Sms,Skalo,Wtorek,1x/miesiąc,Warszawa,Poland,"Adres: ul. Rajskich Ptaków 15; 02-816; Warszawa; Poland | Info: Pełna nazwa: SHIN SPÓŁKA Z OGRANICZONĄ ODPOWIEDZIALNOŚCIĄ
NIP: 1231393709
Grupa: 3. MAGDA STANDARD
Sugerowany opiekun: Magda
Warunki płatności: Przelew skonto za płatność w terminie
Termin płatności (dni): 14
Rabat (%): 15
Limit kredytowy: 0
Dodatkowe info (telefon): Monika WypychWspółwłaściciel
Opis/Notatki z Bigin:
Kontakt: Katarzyna CieślakWspółwłaściciel | Notatka: Rabat  15%
Limit EULER 20 000
SKONTO | Dodany: 23 maj 2024",3. MAGDA STANDARD
Shiso Sushi,C062,Magda,Standard,Magda Standard,Aktywny,1,,,restauracja@shisosushi.pl,,Sms,Skalo,Poniedziałek,1x/tydzień,Warszawa,Poland,"Adres: ul. Ogrodowa 65 lok. 5; 00-876; Warszawa; Poland | Info: Pełna nazwa: B&M INVESTMENT SPÓŁKA Z OGRANICZONĄ ODPOWIEDZIALNOŚCIĄ
NIP: 5273018964
Grupa: 3. MAGDA STANDARD
Sugerowany opiekun: Magda
Warunki płatności: przelew
Termin płatności (dni): 14
Rabat (%): 15
Limit kredytowy: 0
Opis/Notatki z Bigin:
Kontakt: brak ubezp. | Notatka: Rabat  15%
Numer zamówienia: SK-6221-06-01-25-2AD
BRAK UBEZPIECZENIA | Uwagi: pilnować płatności | Dodany: 26 paź 2022",3. MAGDA STANDARD
SKALO - Buns and bottles bar,C063,Magda,Standard,Magda Standard,Nieaktywny,0,,,faktury@skalo.pl,,,,,,Konstancin-Jeziorna,Poland,"Adres: ul. Saneczkowa 12; 05-510; Konstancin-Jeziorna; Poland | Info: Pełna nazwa: SKALO SPÓŁKA Z OGRANICZONĄ ODPOWIEDZIALNOŚCIĄ
NIP: 1231538881
Grupa: 3. MAGDA STANDARD
Sugerowany opiekun: Magda
Warunki płatności: przelew
Termin płatności (dni): 7
Rabat (%): 0
Limit kredytowy: 0
Opis/Notatki z Bigin:
Dodany: 17 paź 2025",3. MAGDA STANDARD
SKALO - Oni Izakaya,C064,Magda,Standard,Magda Standard,Aktywny,1,,,faktury@skalo.pl,,Sms,Skalo,Wtorek,1x/miesiąc,Konstancin-Jeziorna,Poland,"Adres: ul. Saneczkowa 12; 05-510; Konstancin-Jeziorna; Poland | Info: Pełna nazwa: SKALO SPÓŁKA Z OGRANICZONĄ ODPOWIEDZIALNOŚCIĄ
NIP: 1231538881
Grupa: 3. MAGDA STANDARD
Sugerowany opiekun: Magda
Warunki płatności: przelew
Termin płatności (dni): 7
Rabat (%): 0
Limit kredytowy: 0
Opis/Notatki z Bigin:
Dodany: 19 mar 2025",3. MAGDA STANDARD
SKALO - Park Cafe,C065,Magda,Standard,Magda Standard,Nieaktywny,0,,,faktury@skalo.pl,,,,,,Konstancin-Jeziorna,Poland,"Adres: ul. Saneczkowa 12; 05-510; Konstancin-Jeziorna; Poland | Info: Pełna nazwa: SKALO SPÓŁKA Z OGRANICZONĄ ODPOWIEDZIALNOŚCIĄ
NIP: 1231538881
Grupa: 3. MAGDA STANDARD
Sugerowany opiekun: Magda
Warunki płatności: przelew
Termin płatności (dni): 7
Rabat (%): 0
Limit kredytowy: 0
Opis/Notatki z Bigin:
Dodany: 19 mar 2025",3. MAGDA STANDARD
SKALO - Prosushi,C066,Magda,Standard,Magda Standard,Nieaktywny,0,795763275,,faktury@skalo.pl,,,,,,Konstancin-Jeziorna,Poland,"Adres: ul. Saneczkowa 12; 05-510; Konstancin-Jeziorna; Poland | Info: Pełna nazwa: SKALO SPÓŁKA Z OGRANICZONĄ ODPOWIEDZIALNOŚCIĄ
NIP: 1231538881
Grupa: 3. MAGDA STANDARD
Sugerowany opiekun: Magda
Termin płatności (dni): 0
Rabat (%): 0
Limit kredytowy: 0
Opis/Notatki z Bigin:
Dodany: 25 lip 2025",3. MAGDA STANDARD
SKALO - Prosushi Browary,C067,Magda,Standard,Magda Standard,Nieaktywny,0,795763275,,faktury@skalo.pl,,,,,,Konstancin-Jeziorna,Poland,"Adres: ul. Saneczkowa 12; 05-510; Konstancin-Jeziorna; Poland | Info: Pełna nazwa: SKALO SPÓŁKA Z OGRANICZONĄ ODPOWIEDZIALNOŚCIĄ
NIP: 1231538881
Grupa: 3. MAGDA STANDARD
Sugerowany opiekun: Magda
Warunki płatności: przelew
Termin płatności (dni): 7
Rabat (%): 0
Limit kredytowy: 0
Opis/Notatki z Bigin:
Dodany: 10 paź 2025",3. MAGDA STANDARD
Solivoda - Pruszków,C068,Magda,Premium,Magda Premium,Aktywny,1,508144503,257869178,iwona.majek@solivoda.com,,Sms,"SMS, Email",Wtorek,1x/miesiąc,Pruszków,Poland,"Adres: 3 Maja 8; 05-800; Pruszków; Poland | Info: Pełna nazwa: ``SOLIVODA` Sp. z o.o. Spółka Komandytowa `
NIP: 9522119650
Grupa: 2. MAGDA PREMIUM
Sugerowany opiekun: Magda
Warunki płatności: przelew
Termin płatności (dni): 30
Rabat (%): 18
Limit kredytowy: 0
Opis/Notatki z Bigin:
Kontakt: Iwona Majek - Osoba odpowiedzialna za zamów. | Notatka: Rabat  13%
Limit EULER 70 000 | Dodany: 18 kwi 2016",2. MAGDA PREMIUM
Solivoda - Szkoła Amerykańska,C069,Magda,Premium,Magda Premium,Aktywny,1,257869178,,asw@solivoda.com,,Sms,SMS,Środa,1x/tydzień,Pruszków,Poland,"Adres: ul. 3 Maja 8; 05-800; Pruszków; Poland | Info: Pełna nazwa: SOLIVODA SPÓŁKA Z OGRANICZONĄ ODPOWIEDZIALNOŚCIĄ
NIP: 9522119667
Grupa: 2. MAGDA PREMIUM
Sugerowany opiekun: Magda
Warunki płatności: przelew
Termin płatności (dni): 7
Rabat (%): 11
Limit kredytowy: 0
Opis/Notatki z Bigin:
Kontakt: Piotr Soliwoda | Notatka: Rabat 13%
Limit EULER 20 000 | Dodany: 13 sie 2018",2. MAGDA PREMIUM
Solivoda Konstancin PSE,C070,Magda,Premium,Magda Premium,Aktywny,1,662207594,,pse@solivoda.com,,Sms,SMS,Środa,1x/tydzień,Pruszków,Poland,"Adres: ul. 3 Maja 8 lok. B8; 05-800; Pruszków; Poland | Info: Pełna nazwa: `SOLIVODA SPÓŁKA Z OGRANICZONĄ ODPOWIEDZIALNOŚCIĄ SPÓŁKA KOMANDYTOWA`
NIP: 9522119650
Grupa: 2. MAGDA PREMIUM
Sugerowany opiekun: Magda
Warunki płatności: przelew
Termin płatności (dni): 7
Rabat (%): 11
Limit kredytowy: 0
Opis/Notatki z Bigin:
Kontakt: Marta WiśniewskaOsoba odpowiedzialna za zamów. | Notatka: Rabat  13%
Limit EULER 70 000 | Dodany: 02 paź 2015",2. MAGDA PREMIUM
Stary Dom,C071,Magda,Premium,Magda Premium,Aktywny,1,530201711,,manager@restauracjastarydom.pl,,Sms,SMS,Wtorek,1x/miesiąc,Warszawa,Poland,"Adres: Puławska 104/106; 02-620; Warszawa; Poland | Info: Pełna nazwa: `Restauracja Stary Dom    
Sp. z o.o. Sp. Komandytowa`
NIP: 521-34-48-980
Grupa: 2. MAGDA PREMIUM
Sugerowany opiekun: Magda
Warunki płatności: przelew
Termin płatności (dni): 14
Rabat (%): 10
Limit kredytowy: 0
Opis/Notatki z Bigin:
Kontakt: Łukasz FederowiczSzef Kuchni | Notatka: Rabat  10%

Limit EULER 20 000 | Dodany: 07 paź 2015",2. MAGDA PREMIUM
Steak Dolna 41,C072,Magda,Standard,Magda Standard,Aktywny,1,,,almasuljan@gmail.com,,Sms,Skalo,Wtorek,1x/miesiąc,Warszawa,Poland,"Adres: ul. Dolna 41 lok. K1; 00-773; Warszawa; Poland | Info: Pełna nazwa: UAME SPÓŁKA Z OGRANICZONĄ ODPOWIEDZIALNOŚCIĄ
NIP: 5214062722
Grupa: 3. MAGDA STANDARD
Sugerowany opiekun: Magda
Warunki płatności: przelew
Termin płatności (dni): 7
Rabat (%): 10
Limit kredytowy: 0
Opis/Notatki z Bigin:
Kontakt: brak ubezpi | Notatka: Rabat  10%
Limit EULER 20 000 do 12.11.2025
Brak ubezpieczenia | Dodany: 15 maj 2024",3. MAGDA STANDARD
Street Daszyńskiego,C073,Magda,Premium,Magda Premium,Aktywny,1,698683038,,restauracja.towarowa@street.com.pl,,Sms,Skalo,Wtorek,2x/tydzień,Warszawa,Poland,"Adres: ul. Zygmunta Słomińskiego 7 lok. 229; 00-195; Warszawa; Poland | Info: Pełna nazwa: STREET POLSKA SPÓŁKA Z OGRANICZONĄ ODPOWIEDZIALNOŚCIĄ SPÓŁKA KOMANDYTOWA
NIP: 5252455553
Grupa: 2. MAGDA PREMIUM
Sugerowany opiekun: Magda
Warunki płatności: Przelew skonto za płatność w terminie
Termin płatności (dni): 7
Rabat (%): 15
Limit kredytowy: 0
Opis/Notatki z Bigin:
Kontakt: Wiktor Lehki - Menager | Notatka: Rabat  15%
Limit EULER 20 000
SKONTO | Dodany: 09 mar 2020",2. MAGDA PREMIUM
Street ONZ,C074,Magda,Premium,Magda Premium,Aktywny,1,661433324,,restauracja.onz@street.com.pl,,Sms,Skalo,Poniedziałek,2x/tydzień,Piaseczno k. Warszawy,Poland,"Adres: Królowej Jadwigi 1; 05-501; Piaseczno k. Warszawy; Poland | Info: Pełna nazwa: ARKA Artur Paweł Lewicki
tel. ochrona 501412252
NIP: 123-032-34-11
Grupa: 2. MAGDA PREMIUM
Sugerowany opiekun: Magda
Warunki płatności: Przelew skonto za płatność w terminie
Termin płatności (dni): 7
Rabat (%): 15
Limit kredytowy: 0
Opis/Notatki z Bigin:
Kontakt: Mariusz KrzemińskiMenager | Notatka: Rabat  15%
Limit EULER 20 000
SKONTO | Dodany: 28 lip 2016",2. MAGDA PREMIUM
Street Polska 2 KASPRZAKA,C075,Magda,Premium,Magda Premium,Aktywny,1,530354687,,restauracja.kasprzaka4@street.com.pl,,Sms,Skalo,Poniedziałek,1x/tydzień,Piaseczno,Poland,"Adres: ul. Królowej Jadwigi 1; 05-501; Piaseczno; Poland | Info: Pełna nazwa: STREET POLSKA SPÓŁKA Z OGRANICZONĄ ODPOWIEDZIALNOŚCIĄ
NIP: 701 017 36 51
Grupa: 2. MAGDA PREMIUM
Sugerowany opiekun: Magda
Warunki płatności: Przelew skonto za płatność w terminie
Termin płatności (dni): 7
Rabat (%): 20
Limit kredytowy: 0
Opis/Notatki z Bigin:
Kontakt: Rafał Paprot - Menager | Notatka: Rabat  20%
Limit EULER 20 000
SKONTO | Dodany: 27 cze 2024",2. MAGDA PREMIUM
Sushi Soul,C076,Magda,Premium,Magda Premium,Aktywny,1,505869904,,faktury@sushisoul.pl,malgorzata.rojek@addallhoreca.pl,Sms,Email,"Czwartek, Poniedziałek",2x/tydzień,Warszawa,Poland,"Adres: ul. Fort Piłsudskiego 1 lok 4; 02-704; Warszawa; Poland | Info: Pełna nazwa: SOUL FOOD SPÓŁKA Z OGRANICZONĄ ODPOWIEDZIALNOŚCIĄ
NIP: 5252909422
Grupa: 2. MAGDA PREMIUM
Sugerowany opiekun: Magda
Warunki płatności: przelew
Termin płatności (dni): 10
Rabat (%): 20
Limit kredytowy: 0
Opis/Notatki z Bigin:
Kontakt: Mariusz MelcerWłaściciel | Notatka: Rabat  20%
Limit EULER 25 000 | Uwagi: Torby z nadrukiem-dzielimy zmaowienie na 2 wz | Dodany: 07 lis 2022",2. MAGDA PREMIUM
Sushi Today by Sakana,C077,Magda,Premium,Magda Premium,Aktywny,1,,,biuro@cellsonic.pl,malgorzata.rojek@addallhoreca.pl,Sms,Skalo,Środa,2x/miesiąc,Książenice,Poland,"Adres: ul. Młodości 2A lok. 7; 05-825; Książenice; Poland | Info: Pełna nazwa: CELLSONIC SPÓŁKA Z OGRANICZONĄ ODPOWIEDZIALNOŚCIĄ
NIP: 5291825310
Grupa: 2. MAGDA PREMIUM
Sugerowany opiekun: Magda
Warunki płatności: Przelew skonto za płatność w terminie
Termin płatności (dni): 7
Rabat (%): 20
Limit kredytowy: 0
Opis/Notatki z Bigin:
Kontakt: . | Notatka: Limit Euler 20 000 od 03.06.2025
SKONTO | Dodany: 03 kwi 2025",2. MAGDA PREMIUM
Sushi Zushi Żurawia,C078,Magda,Standard,Magda Standard,Aktywny,1,,,magazyn@sushizushi.pl,efaktury@sushizushi.pl,Sms,Skalo,Wtorek,2x/tydzień,Warszawa,Poland,"Adres: ul. Żurawia 6/12; 00-503; Warszawa; Poland | Info: Pełna nazwa: SUSHI ZUSHI ANDRZEJ KISIELIŃSKI
NIP: 1180218361
Grupa: 3. MAGDA STANDARD
Sugerowany opiekun: Magda
Warunki płatności: przelew
Termin płatności (dni): 14
Rabat (%): 15
Limit kredytowy: 0
Opis/Notatki z Bigin:
Notatka: Rabat  15%
Limit EULER 20 000 | Uwagi: kilka produktów biorą/tak umówione/perpektywa poszerzenia | Dodany: 22 mar 2023",3. MAGDA STANDARD
SZPITAL NA MADALIŃSKIEGO,C079,Magda,Premium,Magda Premium,Aktywny,1,784290910,,e.stefanek@fudeko.pl,malgorzata.rojek@addallhoreca.pl,Sms,Email,Środa,2x/miesiąc,Gdynia,Poland,"Adres: ul. Spokojna 4; 81-549; Gdynia; Poland | Info: Pełna nazwa: FUDEKO SPÓŁKA AKCYJNA
NIP: 7010252178
Grupa: 2. MAGDA PREMIUM
Sugerowany opiekun: Magda
Warunki płatności: Przelew skonto za płatność w terminie
Termin płatności (dni): 30
Rabat (%): 20
Limit kredytowy: 0
Opis/Notatki z Bigin:
Kontakt: Edyta Stefanek | Notatka: Limit Euler 20 000 od 22.09
SKONTO | Dodany: 09 lip 2025",2. MAGDA PREMIUM
SZPITAL OTWOCK,C080,Magda,Premium,Magda Premium,Aktywny,1,666860450,784290910,e.stefanek@fudeko.pl,malgorzata.rojek@addallhoreca.pl,Telefon,Telefon,Środa,2x/tydzień,Gdynia,Poland,"Adres: ul. Spokojna 4; 81-549; Gdynia; Poland | Info: Pełna nazwa: FUDEKO SPÓŁKA AKCYJNA
NIP: 7010252178
Grupa: 2. MAGDA PREMIUM
Sugerowany opiekun: Magda
Warunki płatności: Przelew skonto za płatność w terminie
Termin płatności (dni): 30
Rabat (%): 20
Limit kredytowy: 0
Dodatkowe info (telefon): Edyta Stefanek
Opis/Notatki z Bigin:
Kontakt: Danuta | Notatka: Limit Euler 20 000 od 22.09
SKONTO | Dodany: 03 wrz 2025",2. MAGDA PREMIUM
TOSCA,C081,Magda,Standard,Magda Standard,Aktywny,1,605954499,,jakubstepniak2@gmail.com,"kontakt@tosca.waw.pl, malgorzata.rojek@addallhoreca.pl",Sms,Skalo,Środa,2x/tydzień,Warszawa,Poland,"Adres: ul. Juliana Konstantego Ordona 5F lok. 123; 01-237; Warszawa; Poland | Info: Pełna nazwa: DUE FAMIGLIE SPÓŁKA Z OGRANICZONĄ ODPOWIEDZIALNOŚCIĄ
NIP: 5273146455
Grupa: 3. MAGDA STANDARD
Sugerowany opiekun: Magda
Warunki płatności: Gotówka
Termin płatności (dni): 0
Rabat (%): 20
Limit kredytowy: 0
Opis/Notatki z Bigin:
Kontakt: Jakub Stępniak | Dodany: 19 lis 2025",3. MAGDA STANDARD
U Barssa,C082,Magda,Standard,Magda Standard,Aktywny,1,693528948,,biuro@ubarssa.pl,,Sms,SMS,Czwartek,1x/tydzień,Warszawa,Poland,"Adres: Rynek Starego Miasto 12/14; 00-272; Warszawa; Poland | Info: Pełna nazwa: Restauracja `U Barssa` 
Grażyna Zawojska
NIP: 5222406260
Grupa: 3. MAGDA STANDARD
Sugerowany opiekun: Magda
Warunki płatności: przelew
Termin płatności (dni): 7
Rabat (%): 15
Limit kredytowy: 0
Opis/Notatki z Bigin:
Kontakt: Alicja Zawojska - Menager | Notatka: Rabat  15%
Limit Euler 20 000 | Uwagi: otwarci od 11 | Dodany: 06 kwi 2016",3. MAGDA STANDARD
VIVA TANGO,C083,Magda,Standard,Magda Standard,Aktywny,1,,,restauracja@vivatango.pl,malgorzata.rojek@addallhoreca.pl,Sms,Skalo,Poniedziałek,1x/tydzień,Warszawa,Poland,"Adres: ul. Nowogrodzka 4; 00-513; Warszawa; Poland | Info: Pełna nazwa: TANGO GROUP SPÓŁKA Z OGRANICZONĄ ODPOWIEDZIALNOŚCIĄ
NIP: 5214037167
Grupa: 3. MAGDA STANDARD
Sugerowany opiekun: Magda
Warunki płatności: przelew
Termin płatności (dni): 7
Rabat (%): 10
Limit kredytowy: 0
Opis/Notatki z Bigin:
Notatka: Limit EULER 20 000 | Dodany: 03 gru 2024",3. MAGDA STANDARD
Voda,C084,Magda,Premium,Magda Premium,Aktywny,1,516515488,,faktury@restauracjavoda.pl,"rafald@restauracjavoda.pl, malgorzata.rojek@addallhoreca.pl",Sms,Email,Poniedziałek,1x/tydzień,Warszawa,Poland,"Adres: ul. Wioślarska 8; 00-411; Warszawa; Poland | Info: Pełna nazwa: BJZ INVESTMENT GROUP SPÓŁKA Z OGRANICZONĄ ODPOWIEDZIALNOŚCIĄ
NIP: 7011187371
Grupa: 2. MAGDA PREMIUM
Sugerowany opiekun: Magda
Warunki płatności: Przelew skonto za płatność w terminie
Termin płatności (dni): 14
Rabat (%): 20
Limit kredytowy: 0
Opis/Notatki z Bigin:
Kontakt: brak ubezp | Notatka: Limit Euler 20 000 do 12.11.2025
BRAK UBEZPIECZENIA !!!
SKONTO | Dodany: 18 lip 2025",2. MAGDA PREMIUM
Wozownia,C085,Magda,Premium,Magda Premium,Aktywny,1,690590356,,franciszek.ziembowicz@feste.group,,Sms,Skalo,Czwartek,1x/tydzień,Warszawa,Poland,"Adres: ul. Nowy Świat 1; 00-496; Warszawa; Poland | Info: Pełna nazwa: FESTE SPÓŁKA Z OGRANICZONĄ ODPOWIEDZIALNOŚCIĄ
NIP: 5213754398
Grupa: 2. MAGDA PREMIUM
Sugerowany opiekun: Magda
Warunki płatności: Przelew skonto za płatność w terminie
Termin płatności (dni): 7
Rabat (%): 18
Limit kredytowy: 0
Opis/Notatki z Bigin:
Kontakt: Norbert Pierzyna  Menager | Notatka: Rabat  18%
Limit EULER 20 000
SKONTO | Dodany: 25 maj 2022",2. MAGDA PREMIUM
Zoli Pizzeria,C086,Magda,Premium,Magda Premium,Aktywny,1,570799799,881074558,zolipizza2019@gmail.com,,Sms,SMS,Wtorek,2x/tydzień,Warszawa,Poland,"Adres: UL. ADAMA MICKIEWICZA 9; 01-517; Warszawa; Poland | Info: Pełna nazwa: ON OFF Sp. z o.o
NIP: 5213612741
Grupa: 2. MAGDA PREMIUM
Sugerowany opiekun: Magda
Warunki płatności: Gotówka
Termin płatności (dni): 0
Rabat (%): 10
Limit kredytowy: 0
Dodatkowe info (telefon): Aleksandra Menager - os składająca za
Opis/Notatki z Bigin:
Kontakt: Sylwia Zacharska - Włascicielka brak . ubez | Notatka: ZGŁOSZONA SZKODA WINDYKACYJNA 
Rabat  15%

Nowe dane firmy od 22.10.2024 Poprzedni NIP: 5272896384 | Uwagi: tylko gotówka/pilnować | Dodany: 25 sie 2022",2. MAGDA PREMIUM
ZPR Casino 2,C087,Magda,Standard,Magda Standard,Aktywny,1,608659200,,jdanielewski@medella.com.pl,,Sms,Email,Wtorek,1x/miesiąc,Warszawa,Poland,"Adres: ul. Jubilerska 10; 04-190; Warszawa; Poland | Info: Pełna nazwa: MEDELLA SPÓŁKA AKCYJNA
NIP: 1132706648
Grupa: 3. MAGDA STANDARD
Sugerowany opiekun: Magda
Warunki płatności: Gotówka
Termin płatności (dni): 0
Rabat (%): 10
Limit kredytowy: 0
Opis/Notatki z Bigin:
Kontakt: Joachim Danielewski - Menager | Notatka: Rabat  10%
KLIENT FAKTURA | Uwagi: zamówienia wchodzą na eamil | Dodany: 28 wrz 2022",3. MAGDA STANDARD
Ach Cafe,C088,Magda,Weryfikacja,Weryfikacja - zostana,Do weryfikacji,0,695667971,570715875,milena.pro@wp.pl,,Sms,Skalo,Czwartek,1x/tydzień,Warszawa,Poland,"Adres: ul. Przy Bażantarni 8b lok. U1; 02-793; Warszawa; Poland | Info: Pełna nazwa: Ach Cafe & MileyscatsPL Milena Prochera
NIP: 9191012762
Grupa: 4. WERYFIKACJA - ZOSTANA
Sugerowany opiekun: Weryfikacja
Warunki płatności: przelew
Termin płatności (dni): 7
Rabat (%): 20
Limit kredytowy: 0
Dodatkowe info (telefon): MonikaRostkowskaOsoba odpowiedzialn
Opis/Notatki z Bigin:
Kontakt: Milena ProchelskaMenager | Notatka: Rabat  20%
Limit EULER 20 000
FV ZBIORCZA | Dodany: 24 cze 2021",4. WERYFIKACJA - ZOSTANA
Activ Cafe,C089,Magda,Weryfikacja,Weryfikacja - odejda,Do weryfikacji (odejda),0,575436511,,marcin.dziekonski16@gmail.com,malgorzata.rojek@addallhoreca.pl,Sms,SMS,Środa,co 2 miesiące,Piaseczno,Poland,"Adres: ul. Puławska 47 lok. lok. 6; 05-500; Piaseczno; Poland | Info: Pełna nazwa: RAAF Rafał FISZER
NIP: 5261318399
Grupa: 5. WERYFIKACJA - ODEJDA
Sugerowany opiekun: Weryfikacja
Warunki płatności: przelew
Termin płatności (dni): 7
Rabat (%): 15
Limit kredytowy: 0
Opis/Notatki z Bigin:
Kontakt: ubezp. Marcin Dziekoński | Notatka: Limit EULER 20 000 | Dodany: 16 kwi 2025",5. WERYFIKACJA - ODEJDA
AGLI AMICI 2,C090,Magda,Weryfikacja,Weryfikacja - zostana,Do weryfikacji,0,,,marta@bojanowicz.com.pl,,Sms,Skalo,Wtorek,2x/miesiąc,Łomianki,Poland,"Adres: ul. Kaktusowa 1; 05-092; Łomianki; Poland | Info: Pełna nazwa: KARRAMBA SPÓŁKA Z OGRANICZONĄ ODPOWIEDZIALNOŚCIĄ
NIP: 1182302516
Grupa: 4. WERYFIKACJA - ZOSTANA
Sugerowany opiekun: Weryfikacja
Warunki płatności: Przelew skonto za płatność w terminie
Termin płatności (dni): 7
Rabat (%): 15
Limit kredytowy: 0
Opis/Notatki z Bigin:
Kontakt: brak ubezp. | Notatka: rabat 15%
SKONTO | Uwagi: Pilnować płatnosci 1 zam.i płatnosć | Dodany: 30 maj 2025",4. WERYFIKACJA - ZOSTANA
Akashia Sushi,C091,Magda,Weryfikacja,Weryfikacja - odejda,Do weryfikacji (odejda),0,,,sienna@akashia.pl,,Sms,Email,Poniedziałek,1x/tydzień,Warszawa,Poland,"Adres: ul. Sienna 39; 00-121; Warszawa; Poland | Info: Pełna nazwa: COOLTURALNI SPÓŁKA Z OGRANICZONĄ ODPOWIEDZIALNOŚCIĄ
NIP: 9512377304
Grupa: 5. WERYFIKACJA - ODEJDA
Sugerowany opiekun: Weryfikacja
Warunki płatności: Przelew skonto za płatność w terminie
Termin płatności (dni): 30
Rabat (%): 15
Limit kredytowy: 0
Opis/Notatki z Bigin:
Notatka: KLIENT FAKTURA

Rabat  15% 
Limit EULER 20 000 | Uwagi: stałe produkty/powolne poszerzanie współpracy/rękawiczki CLARINA transparentne L indyw. produkt | Dodany: 15 mar 2024",5. WERYFIKACJA - ODEJDA
Arizona Burger WOLSKA,C092,Magda,Weryfikacja,Weryfikacja - odejda,Do weryfikacji (odejda),0,577999123,,dneskafv@gmail.com,malgorzata.rojek@addallhoreca.pl,,,,,Warszawa,Poland,"Adres: ul. Hoża 51; 00-681; Warszawa; Poland | Info: Pełna nazwa: Viktoriia Lisovenko Dneska
NIP: 5273001917
Grupa: 5. WERYFIKACJA - ODEJDA
Sugerowany opiekun: Weryfikacja
Warunki płatności: Gotówka
Termin płatności (dni): 0
Rabat (%): 18
Limit kredytowy: 0
Opis/Notatki z Bigin:
Kontakt: brak ubezp.Dyma | Notatka: brak ubezpieczenia | Dodany: 11 wrz 2025",5. WERYFIKACJA - ODEJDA
Atelier Stylissimo,C093,Magda,Weryfikacja,Weryfikacja - zostana,Do weryfikacji,0,604457424,,mariusz@stylissimo.pl,,Sms,SMS,Wtorek,2x/tydzień,Warszawa,Poland,"Adres: ul. Smolna 40; 00-375; Warszawa; Poland | Info: Pełna nazwa: Mariusz Zawiślański `ATELIER STYLISSIMO`
NIP: 1130738868
Grupa: 4. WERYFIKACJA - ZOSTANA
Sugerowany opiekun: Weryfikacja
Warunki płatności: przelew
Termin płatności (dni): 7
Rabat (%): 15
Limit kredytowy: 0
Opis/Notatki z Bigin:
Kontakt: Mariusz Zawiślański - właściciel | Notatka: Rabat  15%

Limit EULER 20 000 | Uwagi: PRODUKT INDYWIDUALNY | Dodany: 30 gru 2016",4. WERYFIKACJA - ZOSTANA
Bishops Bistro,C094,Magda,Weryfikacja,Weryfikacja - odejda,Do weryfikacji (odejda),0,,,bishopsbrewbistro@gmail.com,,Sms,Skalo,Czwartek,1x/tydzień,Warszawa,Poland,"Adres: Wilcza 31; 00-544; Warszawa; Poland | Info: Pełna nazwa: AFERIST SP. Z O.O
NIP: 5273091576
Grupa: 5. WERYFIKACJA - ODEJDA
Sugerowany opiekun: Weryfikacja
Warunki płatności: przelew
Termin płatności (dni): 14
Rabat (%): 20
Limit kredytowy: 0
Opis/Notatki z Bigin:
Notatka: LIMIT EULER 20 000 | Uwagi: cisną o ceny/specyficzna, trudna kobieta | Dodany: 04 lip 2024",5. WERYFIKACJA - ODEJDA
Blikle,C095,Magda,Weryfikacja,Weryfikacja - odejda,Do weryfikacji (odejda),0,669609509,,magazyn@blikle.pl,,,,,,Warszawa,Poland,"Adres: Nowy Świat 33; 00-029; Warszawa; Poland | Info: Pełna nazwa: A.Blikle Sp. z o.o.
NIP: 526 03 12 147
Grupa: 5. WERYFIKACJA - ODEJDA
Sugerowany opiekun: Weryfikacja
Warunki płatności: Gotówka
Termin płatności (dni): 0
Rabat (%): 15
Limit kredytowy: 0
Opis/Notatki z Bigin:
Kontakt: brak ubezp. Michał Jaroń - Osoba odpowiedzialna za zamów. | Notatka: Rabat  15%
BRAK UBEZPIECZENIA | Uwagi: Nasze stacje do ustalenia | Dodany: 07 paź 2015",5. WERYFIKACJA - ODEJDA
Blikle Placówki,C096,Magda,Weryfikacja,Weryfikacja - odejda,Do weryfikacji (odejda),0,792472902,,katarzyna.zaleska@blikle.pl,,,,,,Warszawa,Poland,"Adres: Nowy Świat 33; 00-029; Warszawa; Poland | Info: Pełna nazwa: A.Blikle Sp. z o.o.
NIP: 526 03 12 147
Grupa: 5. WERYFIKACJA - ODEJDA
Sugerowany opiekun: Weryfikacja
Warunki płatności: Gotówka
Termin płatności (dni): 0
Rabat (%): 15
Limit kredytowy: 0
Opis/Notatki z Bigin:
Kontakt: brak ubezp. Katarzyna ZałęskaKierownik placówek | Notatka: Rabat  15%
BRAK UBEZPIECZENIA | Uwagi: Nasze stacje do ustalenia | Dodany: 18 kwi 2017",5. WERYFIKACJA - ODEJDA
BOSKO,C097,Magda,Weryfikacja,Weryfikacja - odejda,Do weryfikacji (odejda),0,534743858,,mzyska@zystal.pl,ursynow@lodybosko.pl,,,,,Legionowo,Poland,"Adres: ul. Husarska 29 lok. 21; 05-120; Legionowo; Poland | Info: Pełna nazwa: ESTE MAŁGORZATA ZYSKA
NIP: 1132292833
Grupa: 5. WERYFIKACJA - ODEJDA
Sugerowany opiekun: Weryfikacja
Warunki płatności: przelew
Termin płatności (dni): 7
Rabat (%): 20
Limit kredytowy: 0
Opis/Notatki z Bigin:
Kontakt: Wiola Rudzińska  - Osoba odpowiedzialna za zamów. | Notatka: Rabat  20%
Limit EULER 20 000 | Dodany: 20 lip 2021",5. WERYFIKACJA - ODEJDA
Cafe Jagiel,C098,Magda,Weryfikacja,Weryfikacja - zostana,Do weryfikacji,0,,,jawouslugi@gmail.com,,Sms,SMS,Wtorek,2x/miesiąc,Warszawa,Poland,"Adres: Hoża 5A; 00-528; Warszawa; Poland | Info: Pełna nazwa: Cafe Jagiel Jakub Jagielak
NIP: 7010023325
Grupa: 4. WERYFIKACJA - ZOSTANA
Sugerowany opiekun: Weryfikacja
Warunki płatności: Gotówka
Termin płatności (dni): 0
Rabat (%): 15
Limit kredytowy: 0
Opis/Notatki z Bigin:
Kontakt: Jakub Jagielak | Uwagi: tylko do wystawiania fv | Dodany: 01 paź 2025",4. WERYFIKACJA - ZOSTANA
DIFFERENT,C099,Magda,Weryfikacja,Weryfikacja - zostana,Do weryfikacji,0,608512416,,marketing@restauracjadifferent.pl,malgorzata.rojek@addallhoreca.pl,Sms,WhatsApp,Wtorek,2x/tydzień,Warszawa,Poland,"Adres: Aleje Jerozolimskie 123A; 02-017; Warszawa; Poland | Info: Pełna nazwa: FUNDACJA POMOCY RODZINIE `CZŁOWIEK W POTRZEBIE`
NIP: 5213361463
Grupa: 4. WERYFIKACJA - ZOSTANA
Sugerowany opiekun: Weryfikacja
Warunki płatności: Przelew skonto za płatność w terminie
Termin płatności (dni): 7
Rabat (%): 18
Limit kredytowy: 0
Dodatkowe info (komórka): Michał Gerwatowski
Opis/Notatki z Bigin:
Kontakt: brak ubezpieczenia | Notatka: BRAK UBEZPIECZENIA
FV ZBIORCZA
SKONTO
Ceny widoczne na WZ!!! | Dodany: 05 mar 2025",4. WERYFIKACJA - ZOSTANA
Drukarnia GC,C100,Magda,Weryfikacja,Weryfikacja - zostana,Do weryfikacji,0,226641419,,mariusz@drukarnia-gc.pl,,Sms,SMS,Wtorek,1x/miesiąc,Warszawa,Poland,"Adres: ul. Sycowska 20; 02-266; Warszawa; Poland | Info: Pełna nazwa: Drukarnia G.C. - Grzegorz Cielecki
NIP: 5261499811
Grupa: 4. WERYFIKACJA - ZOSTANA
Sugerowany opiekun: Weryfikacja
Warunki płatności: przelew
Termin płatności (dni): 7
Rabat (%): 10
Limit kredytowy: 0
Opis/Notatki z Bigin:
Notatka: Rabat  10%
Limit EULER 20 000 | Uwagi: tylko papier do pieczenia | Dodany: 19 mar 2024",4. WERYFIKACJA - ZOSTANA
EWNS,C101,Magda,Weryfikacja,Weryfikacja - zostana,Do weryfikacji,0,574084003,,ewnswork2023@gmail.com,,Sms,Skalo,Wtorek,1x/miesiąc,Warszawa,Poland,"Adres: ul. Waliców 11 lok. U8; 00-855; Warszawa; Poland | Info: Pełna nazwa: CULTURA GROUP SPÓŁKA Z OGRANICZONĄ ODPOWIEDZIALNOŚCIĄ
NIP: 5252936867
Grupa: 4. WERYFIKACJA - ZOSTANA
Sugerowany opiekun: Weryfikacja
Warunki płatności: przelew
Termin płatności (dni): 7
Rabat (%): 25
Limit kredytowy: 9050
Opis/Notatki z Bigin:
Kontakt: brak ubezp.Maksym - Menager | Notatka: Rabat  25%
Limit Euler 20 000 | Dodany: 25 wrz 2023",4. WERYFIKACJA - ZOSTANA
GAMAGYM,C102,Magda,Weryfikacja,Weryfikacja - zostana,Do weryfikacji,0,735400200,,w.zakrocka@gamagym.com,,Sms,WhatsApp,Środa,1x/miesiąc,Warszawa,Poland,"Adres: ul. Wioślarska 8; 00-411; Warszawa; Poland | Info: Pełna nazwa: GAMA WORK SERVICE SPÓŁKA Z OGRANICZONĄ ODPOWIEDZIALNOŚCIĄ
NIP: 8513219050
Grupa: 4. WERYFIKACJA - ZOSTANA
Sugerowany opiekun: Weryfikacja
Warunki płatności: przelew
Termin płatności (dni): 7
Rabat (%): 18
Limit kredytowy: 0
Opis/Notatki z Bigin:
Kontakt: Weronika Zakrocka | Notatka: Limit Euler 20 000 | Dodany: 18 lip 2025",4. WERYFIKACJA - ZOSTANA
GiGi Bar,C103,Magda,Weryfikacja,Weryfikacja - odejda,Do weryfikacji (odejda),0,572647649,,marabarwaw@gmail.com,,,,,,Warszawa,Poland,"Adres: Aleja Jana Pawła II 43A lok. 37B; 01-001; Warszawa; Poland | Info: Pełna nazwa: MARA BAR SPÓŁKA Z OGRANICZONĄ ODPOWIEDZIALNOŚCIĄ
NIP: 7011094310
Grupa: 5. WERYFIKACJA - ODEJDA
Sugerowany opiekun: Weryfikacja
Warunki płatności: przelew
Termin płatności (dni): 7
Rabat (%): 18
Limit kredytowy: 1150
Opis/Notatki z Bigin:
Kontakt: brak ubezp. | Notatka: Rabat  18% | Dodany: 09 mar 2023",5. WERYFIKACJA - ODEJDA
HOŻA Argentine,C104,Magda,Weryfikacja,Weryfikacja - odejda,Do weryfikacji (odejda),0,791649721,,l.stachura@steakhousehoza.pl,,,,,,Warszawa,Poland,"Adres: ul. Hoża 25A lok. 1; 00-521; Warszawa; Poland | Info: Pełna nazwa: HOŻA 25A Łukasz Stachura
NIP: 5512587100
Grupa: 5. WERYFIKACJA - ODEJDA
Sugerowany opiekun: Weryfikacja
Warunki płatności: przelew
Termin płatności (dni): 5
Rabat (%): 19
Limit kredytowy: 0
Opis/Notatki z Bigin:
Kontakt: Ola - Osoba odpowiedzialna za zamów. | Notatka: Rabat  19%
Limit EULER 20 000 | Dodany: 22 lut 2022",5. WERYFIKACJA - ODEJDA
Iguana AFICIONADO,C105,Magda,Weryfikacja,Weryfikacja - odejda,Do weryfikacji (odejda),0,,,krzysztof.k@iguanacigars.pl,edyta.d@iguanacigars.pl,Sms,"SMS, Email",Wtorek,1x/miesiąc,Warszawa,Poland,"Adres: ul. Wilcza 26; 00-544; Warszawa; Poland | Info: Pełna nazwa: AFICIONADO SPÓŁKA Z OGRANICZONĄ ODPOWIEDZIALNOŚCIĄ
NIP: 7010356423
Grupa: 5. WERYFIKACJA - ODEJDA
Sugerowany opiekun: Weryfikacja
Warunki płatności: przelew
Termin płatności (dni): 7
Rabat (%): 10
Limit kredytowy: 0
Opis/Notatki z Bigin:
Kontakt: brak ubezp. | Notatka: Rabat  10% | Dodany: 19 paź 2022",5. WERYFIKACJA - ODEJDA
IGUANA Cigarro,C106,Magda,Weryfikacja,Weryfikacja - odejda,Do weryfikacji (odejda),0,227712372,,edyta.d@iguanacigars.pl,krzysztof.k@iguanacigars.pl,Sms,"SMS, Email",Wtorek,1x/miesiąc,Warszawa,Poland,"Adres: Aleja Jana Pawła II 41 A lok. 15; 01-001; Warszawa; Poland | Info: Pełna nazwa: IGUANA GÓRSKI, KUREK SPÓŁKA KOMANDYTOWA
NIP: 1251380928
Grupa: 5. WERYFIKACJA - ODEJDA
Sugerowany opiekun: Weryfikacja
Warunki płatności: przelew
Termin płatności (dni): 7
Rabat (%): 10
Limit kredytowy: 0
Opis/Notatki z Bigin:
Notatka: Rabat  10%
Limit EULER 20 000 | Dodany: 19 paź 2022",5. WERYFIKACJA - ODEJDA
IGUANA Gdańsk,C107,Magda,Weryfikacja,Weryfikacja - odejda,Do weryfikacji (odejda),0,227712372,,edyta.d@iguanacigars.pl,krzysztof.k@iguanacigars.pl,Sms,"SMS, Email",Wtorek,1x/miesiąc,Warszawa,Poland,"Adres: Aleja Jana Pawła II 41 A lok. 15; 01-001; Warszawa; Poland | Info: Pełna nazwa: IGUANA GÓRSKI, KUREK SPÓŁKA KOMANDYTOWA
NIP: 1251380928
Grupa: 5. WERYFIKACJA - ODEJDA
Sugerowany opiekun: Weryfikacja
Warunki płatności: przelew
Termin płatności (dni): 7
Rabat (%): 10
Limit kredytowy: 0
Opis/Notatki z Bigin:
Notatka: Rabat  10%
Limit EULER 20 000 | Uwagi: wielopanelowa | Dodany: 19 lip 2022",5. WERYFIKACJA - ODEJDA
JOT OMA,C108,Magda,Weryfikacja,Weryfikacja - odejda,Do weryfikacji (odejda),0,574690252,,zuza@janekpaszkowski.pl,hania@janekpaszkowski.pl,,,,,Warszawa,Poland,"Adres: ul. Franciszka Klimczaka 17 lok. 107; 02-797; Warszawa; Poland | Info: Pełna nazwa: J: BRAND SPÓŁKA Z OGRANICZONĄ ODPOWIEDZIALNOŚCIĄ
NIP: 9512559376
Grupa: 5. WERYFIKACJA - ODEJDA
Sugerowany opiekun: Weryfikacja
Warunki płatności: przelew
Termin płatności (dni): 3
Rabat (%): 0
Limit kredytowy: 0
Opis/Notatki z Bigin:
Kontakt: Ola - Menager | Notatka: Rabat  10%
LIMT EULER 20 000 | Dodany: 10 sty 2024",5. WERYFIKACJA - ODEJDA
JOT Wilanów,C109,Magda,Weryfikacja,Weryfikacja - odejda,Do weryfikacji (odejda),0,667994378,574452333,zuza@janekpaszkowski.pl,asia@janekpaszkowski.pl,,,,,Warszawa,Poland,"Adres: ul. Franciszka Klimczaka 17 lok. 107; 02-797; Warszawa; Poland | Info: Pełna nazwa: J: BRAND SPÓŁKA Z OGRANICZONĄ ODPOWIEDZIALNOŚCIĄ
NIP: 9512559376
Grupa: 5. WERYFIKACJA - ODEJDA
Sugerowany opiekun: Weryfikacja
Warunki płatności: przelew
Termin płatności (dni): 3
Rabat (%): 0
Limit kredytowy: 0
Dodatkowe info (telefon): Zuzanna Federowicz - Współwłaściciel
Opis/Notatki z Bigin:
Kontakt: Joanna Paszkowska - menager | Notatka: Rabat  10%
LIMT EULER 20 000 | Dodany: 04 lip 2023",5. WERYFIKACJA - ODEJDA
JOT Żoliborz,C110,Magda,Weryfikacja,Weryfikacja - odejda,Do weryfikacji (odejda),0,730086309,574452333,zuza@janekpaszkowski.pl,,,,,,Warszawa,Poland,"Adres: ul. Franciszka Klimczaka 17 lok. 107; 02-797; Warszawa; Poland | Info: Pełna nazwa: J: BRAND SPÓŁKA Z OGRANICZONĄ ODPOWIEDZIALNOŚCIĄ
NIP: 9512559376
Grupa: 5. WERYFIKACJA - ODEJDA
Sugerowany opiekun: Weryfikacja
Warunki płatności: przelew
Termin płatności (dni): 3
Rabat (%): 0
Limit kredytowy: 0
Dodatkowe info (telefon): Zuzana Fedorowska - Współwłaścicielk
Opis/Notatki z Bigin:
Kontakt: WiktoriaMenager | Notatka: Rabat  10%
LIMT EULER 20 000 | Dodany: 07 lip 2023",5. WERYFIKACJA - ODEJDA
Just like you,C111,Magda,Weryfikacja,Weryfikacja - zostana,Do weryfikacji,0,571376071,,marun.spzoo@gmail.com,,Sms,Skalo,Wtorek,2x/miesiąc,Warszawa,Poland,"Adres: ul. Łucka 2/4/6 lok. 2 D; 00-845; Warszawa; Poland | Info: Pełna nazwa: MARUN SPÓŁKA Z OGRANICZONĄ ODPOWIEDZIALNOŚCIĄ
NIP: 5273083418
Grupa: 4. WERYFIKACJA - ZOSTANA
Sugerowany opiekun: Weryfikacja
Warunki płatności: Przelew skonto za płatność w terminie
Termin płatności (dni): 7
Rabat (%): 20
Limit kredytowy: 0
Opis/Notatki z Bigin:
Notatka: Rabat  20%
Limit EULER 20 000
SKONTO | Uwagi: pilnować płatności/1 przeterminowanie max | Dodany: 06 lut 2024",4. WERYFIKACJA - ZOSTANA
Kaizen S.C,C112,Magda,Weryfikacja,Weryfikacja - odejda,Do weryfikacji (odejda),0,606650202,,kaizensushi.faktury@gmail.com,,,,,,Konstancin-Jeziorna,Poland,"Adres: ul. Świetlicowa 7/9 lok. C8; 05-520; Konstancin-Jeziorna; Poland | Info: Pełna nazwa: KAIZEN S.C.
NIP: 1231239233
Grupa: 5. WERYFIKACJA - ODEJDA
Sugerowany opiekun: Weryfikacja
Warunki płatności: przelew
Termin płatności (dni): 7
Rabat (%): 0
Limit kredytowy: 0
Opis/Notatki z Bigin:
Notatka: Rabat  0%

Limit EULER 20 000 | Dodany: 11 wrz 2018",5. WERYFIKACJA - ODEJDA
KALISKA 20,C113,Magda,Weryfikacja,Weryfikacja - odejda,Do weryfikacji (odejda),0,500002349,,lanssniadaniekawaiwino@gmail.com,malgorzata.rojek@addallhoreca.pl,,,,,Warszawa,Poland,"Adres: ul. Sienna 59 lok. 4A; 00-820; Warszawa; Poland | Info: Pełna nazwa: JAMAKU SPÓŁKA Z OGRANICZONĄ ODPOWIEDZIALNOŚCIĄ
NIP: 5273142865
Grupa: 5. WERYFIKACJA - ODEJDA
Sugerowany opiekun: Weryfikacja
Warunki płatności: przelew
Termin płatności (dni): 14
Rabat (%): 15
Limit kredytowy: 0
Opis/Notatki z Bigin:
Kontakt: brak ubez. Kuba Kubaszewski | Notatka: brak ubezieczenia 

zgłosić po 09.12.2025 roku.

KLIENT FAKTURA | Dodany: 28 lip 2025",5. WERYFIKACJA - ODEJDA
Kardamon,C114,Magda,Weryfikacja,Weryfikacja - zostana,Do weryfikacji,0,,,swps.warszawa@kantynykardamon.pl,,Sms,SMS,Wtorek,1x/miesiąc,Warszawa,Poland,"Adres: ul. Chodakowska 19 lok. 31; 03-815; Warszawa; Poland | Info: Pełna nazwa: KARDAMON KANTYNY SPÓŁKA Z OGRANICZONĄ ODPOWIEDZIALNOŚCIĄ WARSZAWA SPÓŁKA KOMANDYTOWA
NIP: 9512445738
Grupa: 4. WERYFIKACJA - ZOSTANA
Sugerowany opiekun: Weryfikacja
Warunki płatności: przelew
Termin płatności (dni): 14
Rabat (%): 18
Limit kredytowy: 0
Opis/Notatki z Bigin:
Notatka: Rabat  18%
Limit EULER 20 000 | Dodany: 29 lis 2018",4. WERYFIKACJA - ZOSTANA
Królewska Kawa,C115,Magda,Weryfikacja,Weryfikacja - odejda,Do weryfikacji (odejda),0,,,litwins.info@gmail.com,,Sms,SMS,Wtorek,1x/miesiąc,Warszawa,Poland,"Adres: ul. Nowy Świat 1 lok. 1; 00-499; Warszawa; Poland | Info: Pełna nazwa: LITWINS SPÓŁKA Z OGRANICZONĄ ODPOWIEDZIALNOŚCIĄ
NIP: 5833466452
Grupa: 5. WERYFIKACJA - ODEJDA
Sugerowany opiekun: Weryfikacja
Warunki płatności: przelew
Termin płatności (dni): 10
Rabat (%): 15
Limit kredytowy: 2500
Opis/Notatki z Bigin:
Kontakt: brak ubezp. | Uwagi: pilnować płatności/ poszerzanie współpracy | Dodany: 20 lis 2024",5. WERYFIKACJA - ODEJDA
Kubicz Salon fryzjerski,C116,Magda,Weryfikacja,Weryfikacja - zostana,Do weryfikacji,0,,,kubiczplace@gmail.com,,Sms,SMS,Wtorek,1x/miesiąc,Warszawa,Poland,"Adres: Białobrzeska 32; 02-341; Warszawa; Poland | Info: Pełna nazwa: Kubicz Place Daniel Kubicz
NIP: 6572468316
Grupa: 4. WERYFIKACJA - ZOSTANA
Sugerowany opiekun: Weryfikacja
Warunki płatności: Gotówka
Termin płatności (dni): 0
Rabat (%): 10
Limit kredytowy: 0
Opis/Notatki z Bigin:
Notatka: Rabat  10% | Dodany: 09 lis 2016",4. WERYFIKACJA - ZOSTANA
Kuma no teburu,C117,Magda,Weryfikacja,Weryfikacja - zostana,Do weryfikacji,0,530534227,600500852,kontakt@kumanoteburu.pl,,Sms,Skalo,Wtorek,1x/miesiąc,Warszawa,Poland,"Adres: Michała Kleofasa Ogińskiego 11/9; 03-318; Warszawa; Poland | Info: Pełna nazwa: Lumi Food Sp. z o.o.
NIP: 5243047487
Grupa: 4. WERYFIKACJA - ZOSTANA
Sugerowany opiekun: Weryfikacja
Warunki płatności: Przedpłata
Termin płatności (dni): 0
Rabat (%): 0
Limit kredytowy: 0
Opis/Notatki z Bigin:
Dodany: 16 paź 2025",4. WERYFIKACJA - ZOSTANA
LANS SIENNA,C118,Magda,Weryfikacja,Weryfikacja - zostana,Do weryfikacji,0,500002349,,lanssniadaniekawaiwino@gmail.com,malgorzata.rojek@addallhoreca.pl,Sms,Skalo,Środa,2x/tydzień,Warszawa,Poland,"Adres: ul. Sienna 59 lok. 4a; 00-820; Warszawa; Poland | Info: Pełna nazwa: AGENCJA UBEZPIECZENIOWA Małgorzata Kubuszewska
NIP: 1230033512
Grupa: 4. WERYFIKACJA - ZOSTANA
Sugerowany opiekun: Weryfikacja
Warunki płatności: przelew
Termin płatności (dni): 14
Rabat (%): 15
Limit kredytowy: 0
Opis/Notatki z Bigin:
Kontakt: Kuba Kubaszewski | Notatka: Limit EULER 20 000
KLIENT FAKTURA | Dodany: 29 lis 2024",4. WERYFIKACJA - ZOSTANA
Legia Sports Bar,C119,Magda,Weryfikacja,Weryfikacja - odejda,Do weryfikacji (odejda),0,662932222,,patryk.szewczyk@foodbowl.pl,,,,,,Warszawa,Poland,"Adres: ul. Łazienkowska 3; 00-449; Warszawa; Poland | Info: Pełna nazwa: WAWA EVENTS & HOSPITALITY SPÓŁKA Z OGRANICZONĄ ODPOWIEDZIALNOŚCIĄ
NIP: 5272880845
Grupa: 5. WERYFIKACJA - ODEJDA
Sugerowany opiekun: Weryfikacja
Warunki płatności: przelew
Termin płatności (dni): 7
Rabat (%): 15
Limit kredytowy: 0
Opis/Notatki z Bigin:
Kontakt: Patryk Szewczyk- brak ubezp. | Notatka: BRAK UBEZPIECZENIA
zgłosić po 04.12.2025 | Dodany: 28 sie 2025",5. WERYFIKACJA - ODEJDA
Łochów,C120,Magda,Weryfikacja,Weryfikacja - odejda,Do weryfikacji (odejda),0,,,mioduszewska.beata65@wp.pl,,Sms,SMS,Środa,1x/miesiąc,Łochów,Poland,"Adres: 1-go Maja 2; 07-130; Łochów; Poland | Info: Pełna nazwa: Pizzeria Restauracja B.J. Mioduszewscy
NIP: 8241485486
Grupa: 5. WERYFIKACJA - ODEJDA
Sugerowany opiekun: Weryfikacja
Warunki płatności: przelew
Termin płatności (dni): 14
Rabat (%): 10
Limit kredytowy: 0
Opis/Notatki z Bigin:
Notatka: Rabat  10%

Limit EULER 20 000 | Uwagi: Czasem można wysyłki do ustalenia z kierowcami i magazynem | Dodany: 07 paź 2015",5. WERYFIKACJA - ODEJDA
LOsteria,C121,Magda,Weryfikacja,Weryfikacja - zostana,Do weryfikacji,0,791751171,,losteria.piaseczno@losteria.pl,"anastazja.olszanska@losteria.pl, malgorzata.rojek@addallhoreca.pl",Sms,Skalo,Środa,2x/tydzień,Bielawa,Poland,"Adres: ul. Rembrandta 10; 05-520; Bielawa; Poland | Info: Pełna nazwa: L`OSTERIA POLAND SPÓŁKA Z OGRANICZONĄ ODPOWIEDZIALNOŚCIĄ
NIP: 1231524005
Grupa: 4. WERYFIKACJA - ZOSTANA
Sugerowany opiekun: Weryfikacja
Warunki płatności: przelew
Termin płatności (dni): 7
Rabat (%): 15
Limit kredytowy: 0
Opis/Notatki z Bigin:
Kontakt: Paulina Jeżewska | Notatka: Limit EULER 20 000 | Dodany: 28 paź 2024",4. WERYFIKACJA - ZOSTANA
Magu Sushi,C122,Magda,Weryfikacja,Weryfikacja - odejda,Do weryfikacji (odejda),0,725646118,,sushimagu@gmail.com,,,,,,MARKI,Poland,"Adres: ul. JAGIEŁŁY 22/1; 05-270; MARKI; Poland | Info: Pełna nazwa: MAGU SUSHI WIOLETA KUFEL
NIP: 5361897534
Grupa: 5. WERYFIKACJA - ODEJDA
Sugerowany opiekun: Weryfikacja
Warunki płatności: Gotówka
Termin płatności (dni): 14
Rabat (%): 20
Limit kredytowy: 0
Opis/Notatki z Bigin:
Kontakt: Maciej Kufel - Osoba odpowiedzialna za zamów. | Notatka: Rabat  20%

Limit EULER 20 000 | Dodany: 19 lip 2021",5. WERYFIKACJA - ODEJDA
Magu Sushi Instalatorowa,C123,Magda,Weryfikacja,Weryfikacja - odejda,Do weryfikacji (odejda),0,725646118,,sushimagu@gmail.com,,,,,,MARKI,Poland,"Adres: ul. JAGIEŁŁY 22/1; 05-270; MARKI; Poland | Info: Pełna nazwa: MAGU SUSHI WIOLETA KUFEL
NIP: 5361897534
Grupa: 5. WERYFIKACJA - ODEJDA
Sugerowany opiekun: Weryfikacja
Warunki płatności: przelew
Termin płatności (dni): 14
Rabat (%): 20
Limit kredytowy: 0
Opis/Notatki z Bigin:
Kontakt: Maciej Kufel - Osoba odpowiedzialna za zamów. | Notatka: Rabat  20%

Limit EULER 20 000 | Dodany: 09 lip 2025",5. WERYFIKACJA - ODEJDA
Manna,C124,Magda,Weryfikacja,Weryfikacja - zostana,Do weryfikacji,0,575435511,728956662,anna@manna68.pl,,Sms,Skalo,Środa,2x/tydzień,Gniewowo,Poland,"Adres: Cysterów 31; 84-206; Gniewowo; Poland | Info: Pełna nazwa: Restauracja Manna Spółka z ograniczoną odpowiedzialnością
NIP: 5882508475
Grupa: 4. WERYFIKACJA - ZOSTANA
Sugerowany opiekun: Weryfikacja
Warunki płatności: Przelew skonto za płatność w terminie
Termin płatności (dni): 7
Rabat (%): 18
Limit kredytowy: 3500
Dodatkowe info (telefon): Justyna Świstakmenager
Opis/Notatki z Bigin:
Kontakt: brak ubezpiecznie  Marcin Dziekoński  - Menager - os składająca zamów. | Notatka: Anna Orzech właścicielka
Rabat  18%
SKONTO | Uwagi: Clinex Grill 5l prośba aby był na stanie | Dodany: 16 sie 2024",4. WERYFIKACJA - ZOSTANA
Margariter Ros,C125,Magda,Weryfikacja,Weryfikacja - odejda,Do weryfikacji (odejda),0,728256447,,margaritabar.pl@gmail.com,,Sms,SMS,Wtorek,1x/miesiąc,Warszawa,Poland,"Adres: ul. Chmielna 7/9; 00-021; Warszawa; Poland | Info: Pełna nazwa: MDG SPÓŁKA Z OGRANICZONĄ ODPOWIEDZIALNOŚCIĄ
NIP: 5223216099
Grupa: 5. WERYFIKACJA - ODEJDA
Sugerowany opiekun: Weryfikacja
Warunki płatności: przelew
Termin płatności (dni): 14
Rabat (%): 18
Limit kredytowy: 0
Opis/Notatki z Bigin:
Kontakt: Kseniya Gatsuro  brak ubezp | Notatka: brak ubezpieczenia | Uwagi: Pilnowac mocno płatnosci | Dodany: 25 cze 2025",5. WERYFIKACJA - ODEJDA
Nakama Izakaya,C126,Magda,Weryfikacja,Weryfikacja - odejda,Do weryfikacji (odejda),0,519655331,,beatapuchta72@gmail.com,,Sms,SMS,Wtorek,2x/miesiąc,Warszawa,Poland,"Adres: ul. Sokratesa 2A lok. U1; 01-909; Warszawa; Poland | Info: Pełna nazwa: wawaKitchen Kamil Wawak
NIP: 1181883422
Grupa: 5. WERYFIKACJA - ODEJDA
Sugerowany opiekun: Weryfikacja
Warunki płatności: przelew
Termin płatności (dni): 7
Rabat (%): 15
Limit kredytowy: 0
Opis/Notatki z Bigin:
Kontakt: Beata - Włascicielka | Notatka: Rabat  15%

Limit EULER 20 000 | Uwagi: dostawa do  13 | Dodany: 13 maj 2024",5. WERYFIKACJA - ODEJDA
Negroni Centrale,C127,Magda,Weryfikacja,Weryfikacja - zostana,Do weryfikacji,0,,,negronicentrale@gmail.com,,Sms,Skalo,Czwartek,1x/tydzień,Warszawa,Poland,"Adres: Poznańska 13; 00-680; Warszawa; Poland | Info: Pełna nazwa: KLUBOKAWIARNIA TREMA SPÓŁKA Z OGRANICZONĄ ODPOWIEDZIALNOŚCIĄ
NIP: 7011048818
Grupa: 4. WERYFIKACJA - ZOSTANA
Sugerowany opiekun: Weryfikacja
Warunki płatności: przelew
Termin płatności (dni): 7
Rabat (%): 18
Limit kredytowy: 0
Opis/Notatki z Bigin:
Kontakt: brak ubezp. | Notatka: Rabat  18%
FV ZBIORCZA | Uwagi: Papier pakowy - z nadrukiem | Dodany: 07 sie 2024",4. WERYFIKACJA - ZOSTANA
No Tu Olideli,C128,Magda,Weryfikacja,Weryfikacja - zostana,Do weryfikacji,0,667994378,,olidelivegan@gmail.com,,Sms,"SMS, Email",Wtorek,1x/miesiąc,Warszawa,Poland,"Adres: ul. ks. Jerzego Popiełuszki 19/21/325; 01-595; Warszawa; Poland | Info: Pełna nazwa: NO TU Sp. z o.o.
NIP: 5253040920
Grupa: 4. WERYFIKACJA - ZOSTANA
Sugerowany opiekun: Weryfikacja
Warunki płatności: przelew
Termin płatności (dni): 14
Rabat (%): 10
Limit kredytowy: 0
Opis/Notatki z Bigin:
Kontakt: brak ubezp. | Notatka: Brak ubezpieczenia zgłosić po 28.03.2025 | Dodany: 19 maj 2025",4. WERYFIKACJA - ZOSTANA
Palermo Pruszków,C129,Magda,Weryfikacja,Weryfikacja - odejda,Do weryfikacji (odejda),0,531375927,,ristorantepalermo.pruszkow@gmail.com,,,,,,Pruszków,Poland,"Adres: ul. Pańska 31; 05-800; Pruszków; Poland | Info: Pełna nazwa: `S.K` Sebastian Karwan
NIP: 5342552426
Grupa: 5. WERYFIKACJA - ODEJDA
Sugerowany opiekun: Weryfikacja
Warunki płatności: przelew
Termin płatności (dni): 7
Rabat (%): 20
Limit kredytowy: 0
Opis/Notatki z Bigin:
Kontakt: Karolina Kołtuńska | Notatka: kod do wejscią 2080#
LIMIT EULER 20 000 | Dodany: 14 paź 2025",5. WERYFIKACJA - ODEJDA
Pizzeria Italiana,C130,Magda,Weryfikacja,Weryfikacja - odejda,Do weryfikacji (odejda),0,570924577,,weronikanatalia2017@gmail.com,natalianigowska@gmail.com,,,,,Warszawa,Poland,"Adres: ul. Powstańców Śląskich 104 lok. 213; 01-381; Warszawa; Poland | Info: Pełna nazwa: PULCINELLA PIZZERIA ITALIANA NATALIA NIGOWSKA
NIP: 5711630703
Grupa: 5. WERYFIKACJA - ODEJDA
Sugerowany opiekun: Weryfikacja
Warunki płatności: przelew
Termin płatności (dni): 7
Rabat (%): 0
Limit kredytowy: 0
Opis/Notatki z Bigin:
Kontakt: NataliaMenager brak ubezp. | Notatka: ZGŁOSZONA SZKODA WINDYKACYJNA 
( Rabat  10% stary )


Ubezpieczenie było do 12.09.2025 później odmowa | Dodany: 16 maj 2024",5. WERYFIKACJA - ODEJDA
PrimeCut,C131,Magda,Weryfikacja,Weryfikacja - odejda,Do weryfikacji (odejda),0,,,reservation@primecut.pl,,Sms,SMS,Wtorek,1x/miesiąc,Warszawa,Poland,"Adres: ul. Twarda 18; 00-105; Warszawa; Poland | Info: Pełna nazwa: PRIME CUT SPÓŁKA Z OGRANICZONĄ ODPOWIEDZIALNOŚCIĄ
NIP: 5252825984
Grupa: 5. WERYFIKACJA - ODEJDA
Sugerowany opiekun: Weryfikacja
Warunki płatności: przelew
Termin płatności (dni): 7
Rabat (%): 10
Limit kredytowy: 0
Opis/Notatki z Bigin:
Notatka: Rabat  10%

Limit EULER 20 000 | Uwagi: Tuszę zamaiamy dla nich jak złożą zamówienie | Dodany: 17 maj 2018",5. WERYFIKACJA - ODEJDA
Przedszkole Ciekawi Świata,C132,Magda,Weryfikacja,Weryfikacja - odejda,Do weryfikacji (odejda),0,608659604,,przedszkole@ciekawiswiata.pl,,Sms,Skalo,Wtorek,1x/miesiąc,Leszno,Poland,"Adres: Julinek 1; 05-084; Leszno; Poland | Info: Pełna nazwa: MURATOR IBS SPÓŁKA Z OGRANICZONĄ ODPOWIEDZIALNOŚCIĄ
NIP: 5260200046
Grupa: 5. WERYFIKACJA - ODEJDA
Sugerowany opiekun: Weryfikacja
Warunki płatności: przelew
Termin płatności (dni): 14
Rabat (%): 10
Limit kredytowy: 0
Opis/Notatki z Bigin:
Kontakt: Justyna Zięba - Osoba odpowiedzialna za zamów. | Notatka: Rabat  10%
Limit EULER 20 000 | Uwagi: Wieksze zamówienie tylko na koniec roku | Dodany: 07 paź 2015",5. WERYFIKACJA - ODEJDA
Sake Izakaya,C133,Magda,Weryfikacja,Weryfikacja - odejda,Do weryfikacji (odejda),0,881206199,,thekushi@vp.pl,,Sms,Skalo,Wtorek,2x/miesiąc,Warszawa,Poland,"Adres: Fort Służew 1b/k6; 02-797; Warszawa; Poland | Info: Pełna nazwa: ANDRZEJ KRÓL FOOD
NIP: 7342961284
Grupa: 5. WERYFIKACJA - ODEJDA
Sugerowany opiekun: Weryfikacja
Warunki płatności: Gotówka
Termin płatności (dni): 0
Rabat (%): 10
Limit kredytowy: 0
Opis/Notatki z Bigin:
Kontakt: Paulina  - Menager | Notatka: Rabat  10%

Limit EULER 20 000 | Uwagi: Zabierać terminal | Dodany: 07 wrz 2021",5. WERYFIKACJA - ODEJDA
SERDECZNY BAR MLECZNY,C134,Magda,Weryfikacja,Weryfikacja - zostana,Do weryfikacji,0,880891706,,marketing@restauracjadifferent.pl,malgorzata.rojek@addallhoreca.pl,Sms,SMS,Środa,2x/tydzień,Warszawa,Poland,"Adres: Aleje Jerozolimskie 123A; 02-017; Warszawa; Poland | Info: Pełna nazwa: FUNDACJA POMOCY RODZINIE `CZŁOWIEK W POTRZEBIE`
NIP: 5213361463
Grupa: 4. WERYFIKACJA - ZOSTANA
Sugerowany opiekun: Weryfikacja
Warunki płatności: Przelew skonto za płatność w terminie
Termin płatności (dni): 7
Rabat (%): 18
Limit kredytowy: 0
Opis/Notatki z Bigin:
Kontakt: brak ubezp. | Notatka: BRAK UBEZPIECZENIA
FV ZBIORCZA
SKONTO | Dodany: 31 mar 2025",4. WERYFIKACJA - ZOSTANA
Silk&Spicy,C135,Magda,Weryfikacja,Weryfikacja - odejda,Do weryfikacji (odejda),0,,,francuska@silkandspicy.pl,,,,,,Warszawa,Poland,"Adres: ul. Władysława Lercha 14R; 02-992; Warszawa; Poland | Info: Pełna nazwa: ADLER BIS HANNA BRUSIKIEWICZ SPÓŁKA JAWNA
NIP: 5262736905
Grupa: 5. WERYFIKACJA - ODEJDA
Sugerowany opiekun: Weryfikacja
Warunki płatności: przelew
Termin płatności (dni): 7
Rabat (%): 15
Limit kredytowy: 1700
Dodatkowe info (telefon): francuska@silkandspicy.pl
Dodatkowe info (komórka): francuska@silkandspicy.pl
Opis/Notatki z Bigin:
Kontakt: brak ubezp. | Notatka: Rabat  15% | Dodany: 24 cze 2022",5. WERYFIKACJA - ODEJDA
Silk&Spicy GDAŃSK,C136,Magda,Weryfikacja,Weryfikacja - odejda,Do weryfikacji (odejda),0,505869904,,krogulagnieszka@gmail.com,,,,,,Warszawa,Poland,"Adres: ul. Żurawia 16; 00-515; Warszawa; Poland | Info: Pełna nazwa: RESTAURACJA THAI WOK SPÓŁKA CYWILNA
NIP: 7010337360
Grupa: 5. WERYFIKACJA - ODEJDA
Sugerowany opiekun: Weryfikacja
Warunki płatności: Za pobraniem
Termin płatności (dni): 21
Rabat (%): 15
Limit kredytowy: 0
Opis/Notatki z Bigin:
Notatka: Limit EULER 20 000 | Dodany: 16 cze 2023",5. WERYFIKACJA - ODEJDA
SKALO - Prime MOKOTÓW,C137,Magda,Weryfikacja,Weryfikacja - zostana,Do weryfikacji,0,,,faktury@skalo.pl,,Sms,Skalo,Wtorek,1x/miesiąc,Konstancin-Jeziorna,Poland,"Adres: ul. Saneczkowa 12; 05-510; Konstancin-Jeziorna; Poland | Info: Pełna nazwa: SKALO SPÓŁKA Z OGRANICZONĄ ODPOWIEDZIALNOŚCIĄ
NIP: 1231538881
Grupa: 4. WERYFIKACJA - ZOSTANA
Sugerowany opiekun: Weryfikacja
Warunki płatności: przelew
Termin płatności (dni): 7
Rabat (%): 0
Limit kredytowy: 0
Opis/Notatki z Bigin:
Notatka: teoretycznie wt.-czw. od 13.30 | Dodany: 28 lut 2025",4. WERYFIKACJA - ZOSTANA
SKALO - Prime WALICÓW,C138,Magda,Weryfikacja,Weryfikacja - zostana,Do weryfikacji,0,,,faktury@skalo.pl,,Sms,Skalo,Środa,2x/miesiąc,Konstancin-Jeziorna,Poland,"Adres: ul. Saneczkowa 12; 05-510; Konstancin-Jeziorna; Poland | Info: Pełna nazwa: SKALO SPÓŁKA Z OGRANICZONĄ ODPOWIEDZIALNOŚCIĄ
NIP: 1231538881
Grupa: 4. WERYFIKACJA - ZOSTANA
Sugerowany opiekun: Weryfikacja
Warunki płatności: przelew
Termin płatności (dni): 7
Rabat (%): 0
Limit kredytowy: 0
Opis/Notatki z Bigin:
Dodany: 28 lut 2025",4. WERYFIKACJA - ZOSTANA
SKALO - Prime WROCŁAW,C139,Magda,Weryfikacja,Weryfikacja - odejda,Do weryfikacji (odejda),0,,,faktury@skalo.pl,,Sms,Skalo,Wtorek,1x/miesiąc,Konstancin-Jeziorna,Poland,"Adres: ul. Saneczkowa 12; 05-510; Konstancin-Jeziorna; Poland | Info: Pełna nazwa: SKALO SPÓŁKA Z OGRANICZONĄ ODPOWIEDZIALNOŚCIĄ
NIP: 1231538881
Grupa: 5. WERYFIKACJA - ODEJDA
Sugerowany opiekun: Weryfikacja
Warunki płatności: przelew
Termin płatności (dni): 14
Rabat (%): 0
Limit kredytowy: 0
Opis/Notatki z Bigin:
Dodany: 14 sie 2025",5. WERYFIKACJA - ODEJDA
SKALO - Ten Sushi,C140,Magda,Weryfikacja,Weryfikacja - zostana,Do weryfikacji,0,796027612,,faktury@skalo.pl,,,,,,Konstancin-Jeziorna,Poland,"Adres: ul. Saneczkowa 12; 05-510; Konstancin-Jeziorna; Poland | Info: Pełna nazwa: SKALO SPÓŁKA Z OGRANICZONĄ ODPOWIEDZIALNOŚCIĄ
NIP: 1231538881
Grupa: 4. WERYFIKACJA - ZOSTANA
Sugerowany opiekun: Weryfikacja
Warunki płatności: przelew
Termin płatności (dni): 7
Rabat (%): 0
Limit kredytowy: 0
Opis/Notatki z Bigin:
Dodany: 13 sie 2025",4. WERYFIKACJA - ZOSTANA
SKALO - Tsuma Sushi,C141,Magda,Weryfikacja,Weryfikacja - zostana,Do weryfikacji,0,,,faktury@skalo.pl,,,,,,Konstancin-Jeziorna,Poland,"Adres: ul. Saneczkowa 12; 05-510; Konstancin-Jeziorna; Poland | Info: Pełna nazwa: SKALO SPÓŁKA Z OGRANICZONĄ ODPOWIEDZIALNOŚCIĄ
NIP: 1231538881
Grupa: 4. WERYFIKACJA - ZOSTANA
Sugerowany opiekun: Weryfikacja
Warunki płatności: przelew
Termin płatności (dni): 7
Rabat (%): 0
Limit kredytowy: 0
Opis/Notatki z Bigin:
Dodany: 13 lis 2025",4. WERYFIKACJA - ZOSTANA
Sklep Medyczny,C142,Magda,Weryfikacja,Weryfikacja - zostana,Do weryfikacji,0,22858216,,sklepmedyczny@radosna.pl,,Sms,Skalo,Wtorek,1x/miesiąc,Warszawa,Poland,"Adres: ul. Resorowa 40; 02-956; Warszawa; Poland | Info: Pełna nazwa: `APTEKA RADOSNA - TYCHMANOWICZ` SPÓŁKA JAWNA
NIP: 9512011247
Grupa: 4. WERYFIKACJA - ZOSTANA
Sugerowany opiekun: Weryfikacja
Warunki płatności: Gotówka
Termin płatności (dni): 0
Rabat (%): 18
Limit kredytowy: 0
Opis/Notatki z Bigin:
Notatka: Rabat  18%
SK-6784-13-02-25-9AD | Dodany: 13 gru 2023",4. WERYFIKACJA - ZOSTANA
SMASZ IT DOLNA,C143,Magda,Weryfikacja,Weryfikacja - odejda,Do weryfikacji (odejda),0,791510741,,smaszit@gmail.com,,,,,,Warszawa,Poland,"Adres: ul. Dolna 41/K1; 00-773; Warszawa; Poland | Info: Pełna nazwa: SMASZ IT SPÓŁKA Z OGRANICZONĄ ODPOWIEDZIALNOŚCIĄ
NIP: 5214109530
Grupa: 5. WERYFIKACJA - ODEJDA
Sugerowany opiekun: Weryfikacja
Warunki płatności: przelew
Termin płatności (dni): 7
Rabat (%): 10
Limit kredytowy: 0
Opis/Notatki z Bigin:
Kontakt: brak ubezp. | Notatka: dostawa od 11
zglosić do ubezpieczenia po 13.03.2026 | Uwagi: walczymy z przeterminowaniami | Dodany: 09 maj 2025",5. WERYFIKACJA - ODEJDA
SMASZ IT SOLEC,C144,Magda,Weryfikacja,Weryfikacja - odejda,Do weryfikacji (odejda),0,791510741,,smaszit@gmail.com,,,,,,Warszawa,Poland,"Adres: ul. Dolna 41/K1; 00-773; Warszawa; Poland | Info: Pełna nazwa: SMASZ IT SPÓŁKA Z OGRANICZONĄ ODPOWIEDZIALNOŚCIĄ
NIP: 5214109530
Grupa: 5. WERYFIKACJA - ODEJDA
Sugerowany opiekun: Weryfikacja
Warunki płatności: przelew
Termin płatności (dni): 7
Rabat (%): 10
Limit kredytowy: 0
Opis/Notatki z Bigin:
Kontakt: brak ubezp. | Notatka: dostawa od 11 | Uwagi: walczymy z przeterminowaniami | Dodany: 22 maj 2025",5. WERYFIKACJA - ODEJDA
SUSHI 101,C145,Magda,Weryfikacja,Weryfikacja - odejda,Do weryfikacji (odejda),0,601333822,,sushi101.norblin@gmail.com,,Sms,SMS,Środa,2x/miesiąc,Warszawa,Poland,"Adres: ul. Żelazna 51/53; 00-841; Warszawa; Poland | Info: Pełna nazwa: SUSHI 101 SPÓŁKA Z OGRANICZONĄ ODPOWIEDZIALNOŚCIĄ
NIP: 5272961006
Grupa: 5. WERYFIKACJA - ODEJDA
Sugerowany opiekun: Weryfikacja
Warunki płatności: przelew
Termin płatności (dni): 7
Rabat (%): 15
Limit kredytowy: 900
Opis/Notatki z Bigin:
Kontakt: brak ubezp. | Notatka: Rabat  15% | Uwagi: małe zamówienia/mały punkt | Dodany: 26 lis 2021",5. WERYFIKACJA - ODEJDA
Sushi Flow,C146,Magda,Weryfikacja,Weryfikacja - odejda,Do weryfikacji (odejda),0,,,jarekkaniewski1@wp.pl,,Sms,Skalo,Wtorek,1x/miesiąc,Warszawa,Poland,"Adres: Kaliny Jedrusik 7 lok U9; 01-748; Warszawa; Poland | Info: Pełna nazwa: Jarosław Kaniewski
NIP: 5213229999
Grupa: 5. WERYFIKACJA - ODEJDA
Sugerowany opiekun: Weryfikacja
Warunki płatności: przelew
Termin płatności (dni): 14
Rabat (%): 15
Limit kredytowy: 0
Opis/Notatki z Bigin:
Kontakt: brak ubezp. | Dodany: 08 kwi 2022",5. WERYFIKACJA - ODEJDA
Sushi Mango 2,C147,Magda,Weryfikacja,Weryfikacja - zostana,Do weryfikacji,0,510935901,730113901,marcin.panczyk78@gmail.com,,Sms,SMS,Środa,2x/miesiąc,Gulczewo,Poland,"Adres: Jodłowa 15; 07-200; Gulczewo; Poland | Info: Pełna nazwa: MANGO MARCIN PAŃCZYK
NIP: 8851505052
Grupa: 4. WERYFIKACJA - ZOSTANA
Sugerowany opiekun: Weryfikacja
Warunki płatności: przelew
Termin płatności (dni): 7
Rabat (%): 20
Limit kredytowy: 0
Opis/Notatki z Bigin:
Kontakt: Marcin (nowy właściciel) | Notatka: Rabat  15%
Limit EULER 20 000 | Dodany: 29 sie 2025",4. WERYFIKACJA - ZOSTANA
Sushi Point 2,C148,Magda,Weryfikacja,Weryfikacja - odejda,Do weryfikacji (odejda),0,,,renata@piesiewicz.net,,Sms,SMS,Wtorek,1x/miesiąc,Warszawa,Poland,"Adres: ul. Świętokrzyska 32 lok. 1U-96; 00-116; Warszawa; Poland | Info: Pełna nazwa: SUSHI SAN SW SPÓŁKA Z OGRANICZONĄ ODPOWIEDZIALNOŚCIĄ
NIP: 9512573927
Grupa: 5. WERYFIKACJA - ODEJDA
Sugerowany opiekun: Weryfikacja
Warunki płatności: przelew
Termin płatności (dni): 7
Rabat (%): 10
Limit kredytowy: 0
Opis/Notatki z Bigin:
Notatka: Rabat  10% | Dodany: 19 sty 2024",5. WERYFIKACJA - ODEJDA
Szaurmafia,C149,Magda,Weryfikacja,Weryfikacja - zostana,Do weryfikacji,0,786110370,,dimaonlinecafe@gmail.com,,Sms,Skalo,Wtorek,1x/miesiąc,Warszawa,Poland,"Adres: ul. Łucka 2/4/6 lok. 2E; 00-845; Warszawa; Poland | Info: Pełna nazwa: Gastro-Mafia Sp. z o.o.
NIP: 5273136304
Grupa: 4. WERYFIKACJA - ZOSTANA
Sugerowany opiekun: Weryfikacja
Warunki płatności: przelew
Termin płatności (dni): 7
Rabat (%): 15
Limit kredytowy: 0
Opis/Notatki z Bigin:
Kontakt: Ira  -  osoba odpiwiedzialna za zamówienia | Notatka: Rabat  15%

Limit EULER 20 000 | Dodany: 06 lut 2024",4. WERYFIKACJA - ZOSTANA
Szkoła w Mińsku,C150,Magda,Weryfikacja,Weryfikacja - odejda,Do weryfikacji (odejda),0,,,,,,,,,Mińsk Mazowiecki,Poland,"Adres: ul. Tadeusza Kościuszki 3; 05-300; Mińsk Mazowiecki; Poland | Info: Pełna nazwa: POWIAT MIŃSKI
NIP: 8222342426
Grupa: 5. WERYFIKACJA - ODEJDA
Sugerowany opiekun: Weryfikacja
Warunki płatności: przelew
Termin płatności (dni): 7
Rabat (%): 10
Limit kredytowy: 0
Opis/Notatki z Bigin:
Notatka: Rabat  10% | Uwagi: rzadko/brak współpracy | Dodany: 08 wrz 2023",5. WERYFIKACJA - ODEJDA
Śledzie z Bornholmu,C151,Magda,Weryfikacja,Weryfikacja - zostana,Do weryfikacji,0,690071712,,faktury@fishbrothers.pl,maciek@fishbrothers.pl,Sms,Skalo,,1x/tydzień,Warszawa,Poland,"Adres: ul. Lekka 3 lok. U4; 01-910; Warszawa; Poland | Info: Pełna nazwa: FISH BROTHERS SPÓŁKA Z OGRANICZONĄ ODPOWIEDZIALNOŚCIĄ
NIP: 1182187015
Grupa: 4. WERYFIKACJA - ZOSTANA
Sugerowany opiekun: Weryfikacja
Warunki płatności: Przelew skonto za płatność w terminie
Termin płatności (dni): 7
Rabat (%): 10
Limit kredytowy: 0
Opis/Notatki z Bigin:
Kontakt: brak ubezp. Michal Menager | Notatka: Rabat  10%
SKONTO
ODMOWA UBEZPIECZENIA | Uwagi: Zwracac uwage na kolory sztućców / nie dawać ajax | Dodany: 01 lis 2022",4. WERYFIKACJA - ZOSTANA
Świetlica,C152,Magda,Weryfikacja,Weryfikacja - odejda,Do weryfikacji (odejda),0,,,swietlica.klub@gmail.com,mariuszmichalik@icloud.com,Sms,SMS,Środa,2x/miesiąc,Warszawa,Poland,"Adres: ul. Geodetów 6 lok. 79; 02-396; Warszawa; Poland | Info: Pełna nazwa: Przedsiębiorstwo Wielobranżowe WERONIKA MICHALIK
NIP: 7010116788
Grupa: 5. WERYFIKACJA - ODEJDA
Sugerowany opiekun: Weryfikacja
Warunki płatności: Gotówka
Termin płatności (dni): 0
Rabat (%): 10
Limit kredytowy: 0
Opis/Notatki z Bigin:
Notatka: Rabat  10% | Uwagi: Ciagłe zmiany osoób zamwiajacych | Dodany: 07 paź 2015",5. WERYFIKACJA - ODEJDA
Takumi,C153,Magda,Weryfikacja,Weryfikacja - odejda,Do weryfikacji (odejda),0,609608261,,takumikonstancin@gmail.com,malgorzata.rojek@addallhoreca.pl,,,,,Konstancin Jeziorna,Poland,"Adres: UL. WARSZAWSKA 10; 05-520; Konstancin Jeziorna; Poland | Info: Pełna nazwa: Takumi Mateusz Rakowski
NIP: 1231556643
Grupa: 5. WERYFIKACJA - ODEJDA
Sugerowany opiekun: Weryfikacja
Warunki płatności: Gotówka
Termin płatności (dni): 0
Rabat (%): 18
Limit kredytowy: 0
Opis/Notatki z Bigin:
Kontakt: Mateusz Rakowski | Dodany: 12 sie 2025",5. WERYFIKACJA - ODEJDA
Ten Sushi 2,C154,Magda,Weryfikacja,Weryfikacja - odejda,Do weryfikacji (odejda),0,730129730,,krzysztof.probar@gmail.com,probar.malgorzata@gmail.com,,,,,Kobyłka,Poland,"Adres: ul. Osiedlowa 5 lok. 7; 05-230; Kobyłka; Poland | Info: Pełna nazwa: PROBAR MAŁGORZATA POPEK
NIP: 1250936022
Grupa: 5. WERYFIKACJA - ODEJDA
Sugerowany opiekun: Weryfikacja
Warunki płatności: przelew
Termin płatności (dni): 12
Rabat (%): 15
Limit kredytowy: 0
Opis/Notatki z Bigin:
Kontakt: Krzysztof Popek - Właściciel | Notatka: Rabat  15%
Limit EULER 20 000 | Dodany: 12 maj 2023",5. WERYFIKACJA - ODEJDA
The Morning After,C155,Magda,Weryfikacja,Weryfikacja - odejda,Do weryfikacji (odejda),0,533197183,572647649,ewnswork2023@gmail.com,,,,,,Warszawa,Poland,"Adres: Aleja Jana Pawła II 43A lok. 37B; 01-001; Warszawa; Poland | Info: Pełna nazwa: MARA BAR SPÓŁKA Z OGRANICZONĄ ODPOWIEDZIALNOŚCIĄ
NIP: 7011094310
Grupa: 5. WERYFIKACJA - ODEJDA
Sugerowany opiekun: Weryfikacja
Warunki płatności: przelew
Termin płatności (dni): 7
Rabat (%): 18
Limit kredytowy: 8500
Opis/Notatki z Bigin:
Kontakt: brak ubezp. Ula ChartkovaOsoba odpowiedzialna za zamów. | Notatka: Rabat  18%
KLIENT FAKTURA | Dodany: 24 paź 2023",5. WERYFIKACJA - ODEJDA
Ti Amo Tratoria,C156,Magda,Weryfikacja,Weryfikacja - zostana,Do weryfikacji,0,50211303,593900424,tiamo@tiamo.pl,ewelina@tiamo.pl,Sms,SMS,Czwartek,1x/tydzień,Warszawa,Poland,"Adres: ul. Świętokrzyska 34; 00-116; Warszawa; Poland | Info: Pełna nazwa: TIAMO ANNA PRZYGODA
NIP: 5221842289
Grupa: 4. WERYFIKACJA - ZOSTANA
Sugerowany opiekun: Weryfikacja
Warunki płatności: przelew
Termin płatności (dni): 14
Rabat (%): 20
Limit kredytowy: 0
Dodatkowe info (telefon): Łukasz - Osoba odpowiedzialna za zam
Opis/Notatki z Bigin:
Kontakt: Ewelina - Menager | Notatka: Rabat  20%
Limit EULER 20 000 | Dodany: 12 cze 2023",4. WERYFIKACJA - ZOSTANA
Tomasz Łagowski,C157,Magda,Weryfikacja,Weryfikacja - zostana,Do weryfikacji,0,733384873,,tomasz.lagowski@belvedere.com.pl,,Sms,Skalo,Wtorek,1x/tydzień,Warszawa,Poland,"Adres: ul. Gromowładna 5; 02-852; Warszawa; Poland | Info: Pełna nazwa: Poland is tasty Tomasz Łagowski
NIP: 9512270345
Grupa: 4. WERYFIKACJA - ZOSTANA
Sugerowany opiekun: Weryfikacja
Warunki płatności: przelew
Termin płatności (dni): 14
Rabat (%): 18
Limit kredytowy: 0
Opis/Notatki z Bigin:
Kontakt: Tomasz Łagowski | Notatka: LIMIT EULER 20000 | Dodany: 02 paź 2023",4. WERYFIKACJA - ZOSTANA
Tres Toros,C158,Magda,Weryfikacja,Weryfikacja - odejda,Do weryfikacji (odejda),0,,,,,,,,,Warszawa,Poland,"Adres: Dobra 40; 00-344; Warszawa; Poland | Info: Pełna nazwa: Tres Toros SP Z O.O.
NIP: 5272884398
Grupa: 5. WERYFIKACJA - ODEJDA
Sugerowany opiekun: Weryfikacja
Warunki płatności: Gotówka
Termin płatności (dni): 0
Rabat (%): 20
Limit kredytowy: 0
Opis/Notatki z Bigin:
Dodany: 22 sie 2025",5. WERYFIKACJA - ODEJDA
TRUE STORY,C159,Magda,Weryfikacja,Weryfikacja - zostana,Do weryfikacji,0,572122405,,bobr.pizza.waw@gmail.com,,,,,,Warszawa,Poland,"Adres: ul. Ostrobramska 101 A lok. 301; 04-041; Warszawa; Poland | Info: Pełna nazwa: BOBRPIZZA SPÓŁKA Z OGRANICZONĄ ODPOWIEDZIALNOŚCIĄ
NIP: 1133144342
Grupa: 4. WERYFIKACJA - ZOSTANA
Sugerowany opiekun: Weryfikacja
Warunki płatności: przelew
Termin płatności (dni): 14
Rabat (%): 15
Limit kredytowy: 0
Opis/Notatki z Bigin:
Notatka: ZGŁOSZONA SZKODA WINDYKACYJNA
Limit Euler 20 000 | Uwagi: Zamknięte w 2025/windykacja | Dodany: 21 lis 2024",4. WERYFIKACJA - ZOSTANA
Tsuma Sushi,C160,Magda,Weryfikacja,Weryfikacja - zostana,Do weryfikacji,0,508609059,,biuro.tsuma@gmail.com,,Sms,Skalo,Środa,2x/miesiąc,Warszawa,Poland,"Adres: ul. Twarda 18; 00-105; Warszawa; Poland | Info: Pełna nazwa: LBPS SPÓŁKA Z OGRANICZONĄ ODPOWIEDZIALNOŚCIĄ
NIP: 5253058707
Grupa: 4. WERYFIKACJA - ZOSTANA
Sugerowany opiekun: Weryfikacja
Warunki płatności: Gotówka
Termin płatności (dni): 0
Rabat (%): 0
Limit kredytowy: 0
Opis/Notatki z Bigin:
Dodany: 20 lis 2025",4. WERYFIKACJA - ZOSTANA
Usagi Sushi,C161,Magda,Weryfikacja,Weryfikacja - odejda,Do weryfikacji (odejda),0,,,z.a.j.a.c1@wp.pl,malgorzata.rojek@addallhoreca.pl,,,,,Warszawa,Poland,"Adres: ul. Powstańców Śląskich 104 lok. 216; 01-466; Warszawa; Poland | Info: Pełna nazwa: USAGI SUSHI MACIEJ ZAJĄC
NIP: 1132524574
Grupa: 5. WERYFIKACJA - ODEJDA
Sugerowany opiekun: Weryfikacja
Warunki płatności: Przelew skonto za płatność w terminie
Termin płatności (dni): 14
Rabat (%): 20
Limit kredytowy: 0
Opis/Notatki z Bigin:
Notatka: Rabat  10%
Limit EULER 20 000
SKONTO | Dodany: 20 paź 2021",5. WERYFIKACJA - ODEJDA
W Kropki Bordo,C162,Magda,Weryfikacja,Weryfikacja - zostana,Do weryfikacji,0,534305603,,kawiarniawkropkibordo@gmail.com,,Sms,Skalo,Czwartek,2x/tydzień,Warszawa,Poland,"Adres: ul. Ruczaj 88H; 02-997; Warszawa; Poland | Info: Pełna nazwa: LUNA MACIEJ DOMINIAK
NIP: 5271009524
Grupa: 4. WERYFIKACJA - ZOSTANA
Sugerowany opiekun: Weryfikacja
Warunki płatności: przelew
Termin płatności (dni): 7
Rabat (%): 23
Limit kredytowy: 0
Opis/Notatki z Bigin:
Kontakt: Sandra - Menager | Notatka: Rabat  20%
Limit EULER 20 000
Wystawiamy Wz z cenami | Dodany: 07 kwi 2022",4. WERYFIKACJA - ZOSTANA
Wery Sweet,C163,Magda,Weryfikacja,Weryfikacja - zostana,Do weryfikacji,0,,,kontakt@lakazawady.pl,,Sms,SMS,,1x/miesiąc,Warszawa,Poland,"Adres: Aleja Rzeczypospolitej 33 lok. 37; 02-972; Warszawa; Poland | Info: Pełna nazwa: WerySweet WERONIKA PRZYBYLSKA-RATYŃSKA
NIP: 1132790459
Grupa: 4. WERYFIKACJA - ZOSTANA
Sugerowany opiekun: Weryfikacja
Warunki płatności: przelew
Termin płatności (dni): 7
Rabat (%): 10
Limit kredytowy: 0
Opis/Notatki z Bigin:
Kontakt: brak ubezp. | Notatka: Rabat 10%
BRAK UBEZPIECZENIA | Uwagi: otwarte sezonowo | Dodany: 07 cze 2023",4. WERYFIKACJA - ZOSTANA
